City,State,CBSA code,2001 GMP,2002 GMP,2002 percent change,2003 GMP,2003 percent change,2004 GMP,2004 percent change,2005 GMP,2005 percent change,2006 GMP,2006 percent change,2007 GMP,2007 percent change,2008 GMP,2008 percent change,2009 GMP,2009 percent change,2010 GMP,2010 percent change,2011 GMP,2011 percent change,2012 GMP,2012 percent change,2013 GMP,2013 percent change,percent change rank 2013,natural resources/mining,construction,durable-goods manufacturing,nondurable-goods manufacturing,trade,transportation/utilities,information,finance/insurance/real estate/rental/leasing,professional/business services,education/health care/social assistance,arts/entertainment/recreation/accommodation/food services,other services except government,government
Abilene,TX,10180,3574,3754,5,4020,7.1,4273,6.3,4514,5.6,4885,8.2,5295,8.4,5491,3.7,5239,-4.6,5272,0.6,5427,2.9,5771,6.3,5924,2.7,109,0.77,0.54,0.04,0.06,0.92,0.26,(D),-0.05,0.16,0.02,(D),-0.02,-0.29
Akron,OH,10420,21646,22742,5.1,23744,4.4,25217,6.2,26649,5.7,27418,2.9,28177,2.8,29620,5.1,27761,-6.3,28438,2.4,28825,1.4,29709,3.1,29662,-0.2,303,-0.09,-0.33,-0.09,0.1,0.37,-0.31,0.05,0.1,0.03,0.13,0.02,0,-0.13
Albany,GA,10500,4317,4346,0.7,4492,3.4,4620,2.8,4800,3.9,4808,0.2,4863,1.1,4917,1.1,4957,0.8,4868,-1.8,4753,-2.4,4813,1.3,4857,0.9,225,0.57,0.37,0.04,-0.08,0.24,(D),(D),0.53,0.11,-0.15,0.03,(D),-0.66
Albany,OR,10540,2366,2492,5.3,2492,0,2844,14.1,2944,3.5,3207,8.9,3173,-1.1,3153,-0.6,3064,-2.8,2974,-2.9,3017,1.4,3114,3.2,3130,0.5,256,0.55,0.44,-0.45,0.09,0.1,-0.31,-0.18,0.06,-0.16,0.44,-0.07,-0.02,0.02
Albany-Schenectady-Troy,NY,10580,30669,31631,3.1,33480,5.8,35672,6.5,37027,3.8,38609,4.3,39209,1.6,41478,5.8,42454,2.4,42470,0,42469,0,43146,1.6,43562,1,218,(D),0.04,(D),(D),(D),(D),0.19,0.06,0,0.24,0.06,-0.05,-0.26
Albuquerque,NM,10740,28812,29179,1.3,31557,8.1,35255,11.7,35794,1.5,36760,2.7,36690,-0.2,37925,3.4,38110,0.5,38386,0.7,39069,1.8,39669,1.5,39618,-0.1,301,0.08,-0.17,(D),(D),0.02,0.09,-0.25,0.14,-0.12,0.1,0.1,-0.1,-0.04
Alexandria,LA,10780,3380,3559,5.3,3684,3.5,4066,10.4,4352,7,4823,10.8,5076,5.2,5358,5.6,5307,-1,5404,1.8,5004,-7.4,5022,0.4,4995,-0.5,319,-0.08,0.26,(D),(D),-0.18,0.38,(D),-0.39,0.06,-1.24,(D),0.47,-0.78
Allentown-Bethlehem-Easton,PA-NJ,10900,23857,24717,3.6,24699,-0.1,25788,4.4,27204,5.5,28631,5.2,29874,4.3,31200,4.4,30082,-3.6,31142,3.5,31447,1,31979,1.7,32416,1.4,192,0.05,(D),0.32,-1.21,(D),0.31,0.35,0.76,1.07,0.18,0.12,-0.06,0.02
Altoona,PA,11020,3295,3333,1.2,3468,4.1,3638,4.9,3832,5.3,3992,4.2,4197,5.1,4357,3.8,4334,-0.5,4353,0.4,4327,-0.6,4393,1.5,4449,1.3,200,-0.06,-0.03,0.21,-0.89,0.12,0.66,0.24,0.5,0.23,0.37,-0.07,-0.04,0.03
Amarillo,TX,11100,6405,6640,3.7,7076,6.6,7561,6.9,8027,6.2,8728,8.7,9232,5.8,9737,5.5,9742,0.1,9932,2,9937,0.1,10219,2.8,10546,3.2,86,2.06,(D),-0.34,0.62,(D),0.14,(D),-0.2,0.41,-0.03,(D),-0.01,0.01
Ames,IA,11180,2702,2778,2.8,3010,8.4,3251,8,3370,3.7,3742,11,3876,3.6,4676,20.6,4246,-9.2,4541,6.9,4327,-4.7,4504,4.1,4648,3.2,85,0.94,0.21,0.1,0.51,0.55,0,0.12,0.21,0.34,0.07,0.01,-0.05,0.19
Anchorage,AK,11260,15496,16111,4,17396,8,19307,11,22010,14,23786,8.1,25687,8,24167,-5.9,26771,10.8,26379,-1.5,26967,2.2,28393,5.3,27487,-3.2,374,-2.92,-0.05,0.01,0.02,(D),(D),0,-0.53,0.46,0.08,0.02,0.01,-0.36
Ann Arbor,MI,11460,15947,17166,7.6,17818,3.8,18051,1.3,18565,2.8,18764,1.1,19585,4.4,19624,0.2,18573,-5.4,19213,3.4,18961,-1.3,19260,1.6,19389,0.7,242,0.03,-0.04,0.41,0.14,0.01,-0.07,0.21,0.16,0.4,0.18,0.1,-0.06,-0.81
Anniston-Oxford-Jacksonville,AL,11500,2522,2674,6,2862,7,3188,11.4,3403,6.7,3558,4.6,3788,6.5,3962,4.6,3743,-5.5,3777,0.9,3707,-1.9,3625,-2.2,3518,-3,371,0.05,-0.01,0.84,0.17,-1.7,-0.08,-0.09,0.36,-1.76,0.09,-0.04,-0.09,-0.69
Appleton,WI,11540,7602,7639,0.5,8117,6.3,8695,7.1,9091,4.6,9414,3.6,9868,4.8,10054,1.9,10035,-0.2,10042,0.1,10187,1.4,10267,0.8,10393,1.2,202,0.54,-0.99,0.42,0.53,0.48,-0.03,0.03,0.25,0.23,-0.22,0,0.12,-0.12
Asheville,NC,11700,9741,10224,5,10657,4.2,11422,7.2,12126,6.2,13037,7.5,13471,3.3,14271,5.9,14334,0.4,14219,-0.8,14085,-0.9,14353,1.9,14787,3,94,0.27,-0.2,(D),(D),(D),(D),-0.02,0.36,0.3,0.76,0.33,-0.1,-0.05
Athens-Clarke County,GA,12020,4755,4853,2.1,5117,5.4,5385,5.2,5730,6.4,5945,3.8,6210,4.5,6685,7.6,6615,-1,6663,0.7,6652,-0.2,6777,1.9,6792,0.2,275,0.13,-0.06,(D),(D),0.91,(D),(D),0.38,0.03,0.16,0.16,0,-0.52
Atlanta-Sandy Springs-Roswell,GA,12060,214894,220459,2.6,226723,2.8,237610,4.8,254175,7,267250,5.1,280130,4.8,283754,1.3,272865,-3.8,274941,0.8,278326,1.2,282468,1.5,288175,2,151,0.03,(D),(D),(D),(D),0.17,(D),0.4,0.25,0.3,0.08,0,-0.22
Atlantic City-Hammonton,NJ,12100,10709,11310,5.6,11910,5.3,12363,3.8,13269,7.3,13892,4.7,13845,-0.3,13827,-0.1,13015,-5.9,13042,0.2,12782,-2,12868,0.7,12760,-0.8,331,(D),-0.39,-0.04,-0.06,(D),-0.16,0.14,-0.03,0.14,0.26,-0.49,0.15,-0.29
Auburn-Opelika,AL,12220,2306,2455,6.5,2597,5.8,2893,11.4,3123,8,3346,7.1,3489,4.3,3775,8.2,3692,-2.2,3843,4.1,4040,5.1,4152,2.8,4293,3.4,73,-0.03,-0.2,0.02,2.02,0.28,0.07,-0.02,0.96,0.22,-0.16,0.24,0.14,-0.15
Augusta-Richmond County,GA-SC,12260,14847,15120,1.8,15812,4.6,16309,3.1,17033,4.4,17424,2.3,17880,2.6,18783,5.1,18780,0,19352,3,19634,1.5,19740,0.5,19497,-1.2,347,0.14,-0.67,0.02,(D),0.14,(D),-0.08,0.57,-0.7,-0.23,0.29,0.02,-0.71
Austin-Round Rock,TX,12420,53899,54563,1.2,57593,5.6,62795,9,68305,8.8,75136,10,78207,4.1,83520,6.8,81743,-2.1,86546,5.9,90380,4.4,96035,6.3,98126,2.2,142,-0.54,0.29,0.13,0.36,-0.19,-0.48,0.16,0.97,0.85,0.21,0.23,0.14,0.06
Bakersfield,CA,12540,16884,18362,8.8,19929,8.5,22220,11.5,25107,13,27929,11.2,30877,10.6,29235,-5.3,30667,4.9,31151,1.6,30698,-1.5,33018,7.6,33408,1.2,207,-1.48,-0.15,-0.04,1.93,0.82,0.03,0.07,0.17,-0.13,-0.03,0.02,0.18,-0.22
Baltimore-Columbia-Towson,MD,12580,103108,108347,5.1,112983,4.3,121918,7.9,129441,6.2,136561,5.5,142126,4.1,147471,3.8,146943,-0.4,151820,3.3,154195,1.6,157268,2,158746,0.9,223,0.02,0.06,(D),(D),-0.06,-0.17,0.08,0.52,0.5,0.13,0.16,-0.06,-0.1
Bangor,ME,12620,4174,4379,4.9,4480,2.3,4788,6.9,4939,3.2,5171,4.7,5305,2.6,5441,2.6,5349,-1.7,5298,-1,5247,-1,5291,0.8,5295,0.1,286,-0.08,-0.11,-0.37,0.35,-0.24,0.31,-0.01,-0.6,0.24,0.69,0.12,0.02,-0.23
Barnstable Town,MA,12700,7356,8168,11,8247,1,8499,3.1,8759,3.1,8751,-0.1,8679,-0.8,8891,2.4,8772,-1.3,8902,1.5,9163,2.9,9333,1.9,9431,1.1,214,0.05,0.3,0.04,0.02,0.15,-0.07,0.06,-0.21,0.1,-0.01,0.27,0.19,0.16
Baton Rouge,LA,12940,23209,25186,8.5,28231,12.1,31213,10.6,38170,22.3,39153,2.6,39312,0.4,39887,1.5,40337,1.1,43095,6.8,42055,-2.4,42959,2.1,45769,6.5,17,(D),(D),(D),(D),(D),(D),(D),1.03,(D),-0.14,0.11,(D),-0.35
Battle Creek,MI,12980,4177,4575,9.5,4697,2.7,4806,2.3,4921,2.4,4837,-1.7,4841,0.1,5172,6.8,4882,-5.6,5300,8.6,5097,-3.8,5200,2,5270,1.3,194,0.2,-0.12,1.1,0.37,-0.75,-0.08,0.03,-0.11,0.58,0.44,0.11,0.19,-0.61
Bay City,MI,13020,2541,2665,4.9,2706,1.5,2718,0.4,2769,1.9,2839,2.5,2838,0,2979,5,2917,-2.1,2966,1.7,2931,-1.2,2975,1.5,3043,2.3,136,0.79,0.12,-0.73,0.06,0.64,0.39,0.14,-0.1,0.87,0.41,-0.05,0.17,-0.42
Beaumont-Port Arthur,TX,13140,10801,11480,6.3,12535,9.2,14686,17.2,15293,4.1,16858,10.2,18848,11.8,16802,-10.9,18156,8.1,19207,5.8,18355,-4.4,18918,3.1,20283,7.2,10,0.12,-1.54,-0.81,8.71,0.34,0.02,-0.03,0.16,-0.27,0.02,-0.09,0.58,0.02
Beckley,WV,13220,2730,2823,3.4,2840,0.6,3029,6.7,3340,10.3,3589,7.5,3648,1.6,4017,10.1,3830,-4.7,4123,7.7,4340,5.3,4199,-3.2,4594,9.4,3,11.49,-0.47,-0.33,0.04,-0.18,-0.02,-0.16,-0.28,-0.36,-0.12,0.06,-0.06,-0.2
Bellingham,WA,13380,4851,5491,13.2,5965,8.6,6182,3.6,8006,29.5,7616,-4.9,8280,8.7,8056,-2.7,8442,4.8,8727,3.4,7862,-9.9,7987,1.6,8671,8.6,6,0.64,-0.4,-0.34,4.37,0.38,-0.16,1.34,2.37,0.26,-0.03,0.12,0.04,-0.04
Bend-Redmond,OR,13460,3969,4402,10.9,4753,8,5150,8.4,5658,9.9,6333,11.9,6364,0.5,6494,2,5948,-8.4,5792,-2.6,5640,-2.6,5868,4,6226,6.1,22,-0.04,0.72,0.73,0.29,0.67,-0.1,0.11,1.69,0.98,0.9,0.2,-0.02,-0.01
Billings,MT,13740,4607,4696,1.9,5165,10,5710,10.6,6306,10.4,6776,7.5,7753,14.4,7331,-5.4,6852,-6.5,7164,4.6,7721,7.8,7780,0.8,8329,7.1,12,0.82,0.43,-0.01,4.52,0.6,0.13,0.06,0.75,-0.47,0.35,0,-0.01,-0.13
Binghamton,NY,13780,6617,6658,0.6,6766,1.6,7007,3.6,7316,4.4,7584,3.7,8081,6.6,8591,6.3,8474,-1.4,8536,0.7,8535,0,8456,-0.9,8486,0.4,265,0.41,-0.26,(D),(D),-0.06,0.56,0.06,-0.06,0.28,-0.02,-0.01,-0.05,-0.22
Birmingham-Hoover,AL,13820,41073,42996,4.7,43997,2.3,47430,7.8,50230,5.9,51936,3.4,53805,3.6,54984,2.2,51279,-6.7,52058,1.5,53866,3.5,56354,4.6,55913,-0.8,325,-0.8,-0.21,0.35,0.53,(D),-0.17,-0.06,(D),-0.22,0.15,(D),0,-0.12
Bismarck,ND,13900,3142,3294,4.8,3617,9.8,3878,7.2,4130,6.5,4330,4.8,4488,3.6,4782,6.6,4867,1.8,5067,4.1,5260,3.8,5802,10.3,6205,6.9,14,0.77,(D),0.35,0.95,0.91,(D),-0.01,0.88,1.01,(D),0.16,(D),0.54
Blacksburg-Christiansburg-Radford,VA,13980,4226,4217,-0.2,4446,5.4,4633,4.2,5009,8.1,5255,4.9,5545,5.5,5558,0.2,5292,-4.8,5381,1.7,5543,3,5854,5.6,5837,-0.3,312,0,(D),(D),(D),(D),(D),0,0.04,0,0.09,(D),-0.07,0.2
Bloomington,IL,14060,7199,7360,2.2,7770,5.6,8352,7.5,8356,0,9158,9.6,9304,1.6,9254,-0.5,9505,2.7,9727,2.3,9720,-0.1,10145,4.4,10551,4,54,1.01,0,0.08,-0.06,0.11,0.12,0.01,2.87,0.05,-0.24,0.03,0.05,-0.02
Bloomington,IN,14020,3984,4022,1,4259,5.9,4529,6.3,4819,6.4,5177,7.4,5442,5.1,5936,9.1,6053,2,6102,0.8,6009,-1.5,6086,1.3,6058,-0.5,315,-0.16,-0.14,(D),(D),-0.12,0.12,-0.17,0.02,-0.34,0.28,-0.01,-0.1,-0.27
Bloomsburg-Berwick,PA,14100,2285,2473,8.2,2456,-0.7,2620,6.7,2658,1.5,2826,6.3,3019,6.8,3236,7.2,3196,-1.2,3342,4.6,3401,1.8,3462,1.8,3586,3.6,67,0.21,-0.2,0.24,0.58,-0.28,0.04,0.09,-0.32,2.12,1.04,0.04,-0.03,0.08
Boise City,ID,14260,18044,18696,3.6,19520,4.4,20785,6.5,22476,8.1,24389,8.5,25702,5.4,26086,1.5,24773,-5,25332,2.3,25345,0.1,25660,1.2,26869,4.7,34,0.24,0.47,(D),(D),1.18,(D),0.01,(D),-0.19,0.41,0.11,-0.01,0.01
Boston-Cambridge-Newton,MA-NH,14460,244361,247404,1.2,256416,3.6,270331,5.4,282843,4.6,295692,4.5,313163,5.9,321975,2.8,315377,-2,328307,4.1,335814,2.3,344090,2.5,349652,1.6,178,0.02,(D),-0.17,(D),0.17,-0.04,-0.07,0.63,0.51,0.12,0.05,0.05,0.09
Boulder,CO,14500,15812,14383,-9,14650,1.9,15360,4.8,16120,4.9,16723,3.7,17834,6.6,18618,4.4,17964,-3.5,18563,3.3,18997,2.3,19677,3.6,20311,3.2,83,0.09,0.07,0.88,-0.01,0.41,0,-0.23,0.92,0.52,0.17,0.1,0.05,0.27
Bowling Green,KY,14540,3517,3681,4.7,3915,6.4,4204,7.4,4591,9.2,4946,7.7,5075,2.6,5372,5.9,4946,-7.9,5230,5.7,5240,0.2,5320,1.5,5489,3.2,89,0.43,(D),0.96,0.67,0.6,(D),0.07,-0.13,0.47,0.13,-0.04,-0.14,-0.05
Bremerton-Silverdale,WA,14740,6301,7000,11.1,7363,5.2,7614,3.4,8043,5.6,8628,7.3,8809,2.1,9122,3.6,8967,-1.7,8981,0.2,8969,-0.1,8891,-0.9,8825,-0.7,324,0.02,0.13,0.1,0.02,-0.03,0.04,0.19,0.12,-0.07,0.09,0.01,-0.11,-1.25
Bridgeport-Stamford-Norwalk,CT,14860,64566,65263,1.1,67278,3.1,73045,8.6,77061,5.5,81706,6,86159,5.5,86059,-0.1,80535,-6.4,83417,3.6,85535,2.5,87148,1.9,87791,0.7,236,0.02,(D),0.05,-0.06,0.18,(D),0.67,-0.31,0.32,0.06,0.08,-0.03,-0.01
Brownsville-Harlingen,TX,15180,5200,5459,5,5714,4.7,5964,4.4,6273,5.2,6731,7.3,7123,5.8,7611,6.9,7590,-0.3,7780,2.5,7768,-0.2,7966,2.5,8015,0.6,250,-0.09,-0.18,-0.27,-0.38,0.5,-0.47,-0.67,0.35,1.01,0.52,0.16,0.13,0
Brunswick,GA,15260,2430,2535,4.3,2735,7.9,2937,7.4,3079,4.8,3310,7.5,3355,1.4,3481,3.8,3400,-2.3,3250,-4.4,3207,-1.3,3235,0.9,3195,-1.2,345,0.05,-0.9,0.08,-2.42,1.25,(D),(D),0.63,0.69,-0.04,0.22,-0.14,-0.71
Buffalo-Cheektowaga-Niagara Falls,NY,15380,35564,37641,5.8,38865,3.3,40714,4.8,41729,2.5,43357,3.9,43951,1.4,46073,4.8,46539,1,47124,1.3,47722,1.3,48076,0.7,48257,0.4,263,0.12,-0.17,-0.11,0.13,0.12,0.02,0.03,0.17,0.19,0.18,-0.09,-0.01,-0.21
Burlington,NC,15500,3755,3924,4.5,3810,-2.9,4021,5.5,4187,4.1,4460,6.5,4467,0.2,4598,2.9,4286,-6.8,4414,3,4476,1.4,4571,2.1,4874,6.6,16,0.07,0.13,-0.56,0.5,0.34,2.41,0.2,-0.72,-0.04,4.18,0.12,0,0
Burlington-South Burlington,VT,15540,7903,8181,3.5,8726,6.7,9216,5.6,9557,3.7,9931,3.9,10039,1.1,10542,5,10470,-0.7,11133,6.3,11496,3.3,11765,2.3,12018,2.2,145,0.23,0.02,(D),(D),0.52,0,0.22,(D),0.23,0.34,0.12,-0.02,0.09
California-Lexington Park,MD,30500,3084,3374,9.4,3715,10.1,3943,6.1,4091,3.8,4423,8.1,4653,5.2,4846,4.1,5063,4.5,5353,5.7,5559,3.8,5534,-0.4,5421,-2,360,0.05,0.14,0,0.02,-0.02,-0.4,0.03,-0.52,-0.85,0.17,-0.02,-0.05,-0.57
Canton-Massillon,OH,15940,11441,11702,2.3,11936,2,12414,4,13038,5,13058,0.2,13142,0.6,13651,3.9,12736,-6.7,13128,3.1,13637,3.9,14111,3.5,14641,3.8,64,(D),0.65,-0.45,0.67,-0.63,0.72,(D),1.23,0.99,0.47,0.06,-0.09,-0.12
Cape Coral-Fort Myers,FL,15980,14544,15439,6.2,16344,5.9,18307,12,21000,14.7,22458,6.9,22571,0.5,21549,-4.5,19748,-8.4,19427,-1.6,19083,-1.8,19507,2.2,20162,3.4,76,0.16,0.35,0.14,0.01,0.88,0.13,0.08,0.57,0.19,0.46,0.4,0.09,-0.1
Cape Girardeau,MO-IL,16020,2511,2605,3.7,2719,4.4,2808,3.3,2959,5.4,3143,6.2,3322,5.7,3455,4,3530,2.2,3477,-1.5,3421,-1.6,3469,1.4,3482,0.4,266,-0.13,-0.4,(D),(D),0.23,(D),(D),0.3,0.42,-0.17,0.6,-0.16,-0.05
Carbondale-Marion,IL,16060,2790,2951,5.8,3084,4.5,3256,5.6,3470,6.6,3704,6.7,3778,2,4037,6.9,4137,2.5,4225,2.1,4195,-0.7,4299,2.5,4290,-0.2,306,-2,-0.25,(D),(D),(D),(D),-0.05,0.61,0.09,1.08,-0.21,-0.1,-0.14
Carson City,NV,16180,2127,2213,4,2399,8.4,2617,9.1,2820,7.8,2954,4.8,3078,4.2,3011,-2.2,2774,-7.9,2823,1.8,2745,-2.8,2667,-2.8,2673,0.2,274,-0.2,0.12,-0.23,0.19,0.06,0.04,-0.04,0.07,0.35,-0.2,0.06,0.05,-0.04
Casper,WY,16220,2935,3081,5,3463,12.4,4121,19,5304,28.7,6283,18.5,6472,3,6887,6.4,5778,-16.1,5748,-0.5,6071,5.6,6070,0,6501,7.1,11,4.95,-0.25,-0.11,0.61,0.5,(D),-0.01,1.26,-0.03,(D),0.07,-0.28,-0.07
Cedar Rapids,IA,16300,9797,9664,-1.4,10569,9.4,11359,7.5,12221,7.6,12107,-0.9,13484,11.4,13348,-1,15339,14.9,15833,3.2,15971,0.9,16187,1.4,16381,1.2,206,(D),-0.17,0.11,0.14,0.29,-0.04,0.21,0.5,-0.18,(D),0.05,-0.03,0.04
Chambersburg-Waynesboro,PA,16540,2764,2842,2.8,3082,8.4,3433,11.4,3713,8.2,3963,6.7,4213,6.3,4387,4.1,4140,-5.6,4171,0.7,4175,0.1,4193,0.4,4287,2.2,140,1.27,-0.23,0.36,0.37,-0.05,1.13,-0.03,-0.18,-0.46,0.14,0.17,-0.17,-0.07
Champaign-Urbana,IL,16580,6418,6767,5.4,7027,3.8,7341,4.5,7562,3,8061,6.6,8373,3.9,9107,8.8,9232,1.4,9359,1.4,9155,-2.2,9253,1.1,9402,1.6,181,1.18,-0.22,(D),(D),0.19,0.07,0.25,-0.48,-0.05,(D),0.1,(D),-0.06
Charleston,WV,16620,9251,9476,2.4,9577,1.1,10028,4.7,10717,6.9,11467,7,11991,4.6,12964,8.1,12787,-1.4,12978,1.5,13356,2.9,12863,-3.7,13107,1.9,163,3.63,-0.4,0.19,-0.49,(D),(D),(D),(D),-0.26,0.33,(D),-0.06,-0.05
Charleston-North Charleston,SC,16700,17503,18643,6.5,19967,7.1,21331,6.8,23260,9,24710,6.2,26604,7.7,28028,5.4,27641,-1.4,28137,1.8,29577,5.1,30215,2.2,30667,1.5,186,0.12,0.38,0.36,-0.25,(D),(D),0.07,0.61,0.05,-0.43,0.11,0.06,-0.04
Charlotte-Concord-Gastonia,NC-SC,16740,78268,85896,9.7,89280,3.9,95915,7.4,105977,10.5,113257,6.9,115051,1.6,118539,3,112306,-5.3,115229,2.6,120092,4.2,125714,4.7,130318,3.7,66,0.09,0.08,0.18,0.07,0.59,0.71,0.19,1.7,-0.15,0.08,0.05,0.06,0.01
Charlottesville,VA,16820,6135,6493,5.8,6899,6.3,7556,9.5,8204,8.6,8704,6.1,9045,3.9,9578,5.9,9577,0,9932,3.7,10284,3.5,10615,3.2,10540,-0.7,323,(D),-0.28,(D),0.21,(D),-0.01,-0.01,-0.03,-0.07,0.05,-0.04,-0.05,0.16
Chattanooga,TN-GA,16860,16369,16941,3.5,17370,2.5,18235,5,19148,5,20414,6.6,21231,4,21660,2,20265,-6.4,20653,1.9,20746,0.5,21126,1.8,20945,-0.9,333,(D),-0.09,(D),(D),(D),0.24,0.03,-2.5,1.39,-0.01,(D),-0.04,-0.26
Cheyenne,WY,16940,2745,2913,6.1,3200,9.9,3458,8.1,3784,9.4,4282,13.2,4656,8.7,5003,7.5,4579,-8.5,4672,2,4793,2.6,4826,0.7,4954,2.7,108,(D),0.59,0.01,1.36,-0.5,-0.04,0.07,0.23,-0.02,-0.34,(D),0.2,-0.57
Chicago-Naperville-Elgin,IL-IN-WI,16980,419099,426071,1.7,438678,3,461970,5.3,486022,5.2,514160,5.8,534809,4,537687,0.5,518897,-3.5,527820,1.7,533329,1,543886,2,550793,1.3,201,0,-0.02,(D),(D),(D),0.04,0.01,0.2,0.3,0.12,0.04,-0.01,-0.06
Chico,CA,17020,4344,4736,9,5005,5.7,5344,6.8,5708,6.8,5899,3.3,6148,4.2,6219,1.2,6131,-1.4,6135,0.1,5995,-2.3,6008,0.2,6247,4,55,(D),0.59,-0.14,0.37,0.01,0.24,0.32,0.61,0.21,(D),0.11,-0.29,-0.06
Cincinnati,OH-KY-IN,17140,79973,82878,3.6,86065,3.8,89950,4.5,94980,5.6,97697,2.9,100929,3.3,104745,3.8,100626,-3.9,103388,2.7,105251,1.8,108972,3.5,111279,2.1,147,0,(D),0.51,0.38,(D),-0.05,(D),1.13,(D),0.28,(D),(D),-0.12
Clarksville,TN-KY,17300,5432,5717,5.2,6378,11.6,6808,6.7,7722,13.4,8282,7.3,8532,3,9145,7.2,9275,1.4,9608,3.6,10122,5.3,10173,0.5,9893,-2.8,370,(D),0.06,-1.5,0.26,0.05,(D),(D),-0.38,0.03,0.12,0.11,-0.21,-1.91
Cleveland,TN,17420,2745,2871,4.6,2955,2.9,3102,5,3130,0.9,3211,2.6,3188,-0.7,3412,7,3255,-4.6,3269,0.4,3406,4.2,3641,6.9,3642,0,292,0.03,-0.4,-0.27,0.7,-0.03,-0.1,(D),-0.23,-0.02,0.16,0.09,(D),-0.09
Cleveland-Elyria,OH,17460,88068,91035,3.4,94704,4,99642,5.2,103357,3.7,106011,2.6,108007,1.9,111357,3.1,105035,-5.7,108304,3.1,110772,2.3,113827,2.8,114448,0.5,253,-0.06,0.05,-0.06,0.11,0.01,-0.01,0.02,0.27,0.01,0.29,0.09,-0.04,-0.15
Coeur d'Alene,ID,17660,2607,2743,5.2,2999,9.3,3291,9.7,3686,12,4066,10.3,4380,7.7,4463,1.9,4253,-4.7,4198,-1.3,4180,-0.4,4086,-2.2,4223,3.4,75,0.88,0.16,0.27,0.21,0.63,0.15,0.06,-0.37,-0.01,1.05,0.23,-0.01,0.11
College Station-Bryan,TX,17780,4301,4215,-2,4621,9.6,4939,6.9,5327,7.9,5765,8.2,6083,5.5,6505,6.9,6982,7.3,7163,2.6,7151,-0.2,7447,4.1,7672,3,93,-0.2,0.21,(D),(D),0.49,(D),-0.1,0.77,0.77,0.08,0.77,0.03,0.19
Colorado Springs,CO,17820,19050,19230,0.9,20383,6,21280,4.4,22931,7.8,23696,3.3,24606,3.8,24814,0.8,24865,0.2,25875,4.1,26301,1.6,26755,1.7,26710,-0.2,304,(D),0.09,(D),0.08,0.28,-0.83,-0.27,0.66,0.69,0.2,0.09,-0.01,-0.19
Columbia,MO,17860,4692,4598,-2,5068,10.2,5379,6.1,5717,6.3,6065,6.1,6283,3.6,6516,3.7,6538,0.3,6740,3.1,6816,1.1,7012,2.9,7122,1.6,182,-0.02,0.13,-0.19,0.13,0.34,-0.02,0.24,0.73,0.32,0.1,0.07,-0.15,-0.09
Columbia,SC,17900,22281,22947,3,24276,5.8,25901,6.7,27310,5.4,29296,7.3,30735,4.9,32261,5,31492,-2.4,31410,-0.3,32024,2,32541,1.6,33199,2,152,0.11,0.1,(D),(D),(D),0.49,0.16,(D),-0.2,-0.37,0.02,-0.06,0.06
Columbus,GA-AL,17980,8528,8472,-0.7,8926,5.4,9321,4.4,9911,6.3,10420,5.1,11042,6,11286,2.2,11605,2.8,11972,3.2,12112,1.2,12167,0.5,12108,-0.5,317,(D),0.07,(D),-0.24,(D),-0.16,(D),1.36,0.04,0.04,0,(D),-1.62
Columbus,IN,18020,3103,3042,-2,3127,2.8,3418,9.3,3550,3.9,3856,8.6,4146,7.5,4588,10.7,3809,-17,4377,14.9,4554,4,4999,9.8,4932,-1.3,349,0.18,-0.08,-1.3,-0.31,0.55,-0.03,-0.02,-0.04,-0.4,0.17,0.02,0.04,-0.1
Columbus,OH,18140,74452,78138,5,80686,3.3,84380,4.6,88405,4.8,91303,3.3,93748,2.7,96097,2.5,92924,-3.3,96021,3.3,98906,3,103742,4.9,107191,3.3,79,(D),0.07,(D),(D),0.2,(D),0.32,1.7,0.27,0.25,0.1,-0.03,-0.17
Corpus Christi,TX,18580,11173,11429,2.3,12584,10.1,14246,13.2,14941,4.9,16371,9.6,18193,11.1,16801,-7.7,17418,3.7,17792,2.1,17868,0.4,19219,7.6,20439,6.3,20,-0.64,0.15,0.07,5.51,0.28,0.32,0.04,0.36,0.19,0.04,0.22,-0.06,-0.14
Corvallis,OR,18700,2731,3100,13.5,3450,11.3,4050,17.4,3975,-1.9,4473,12.5,4595,2.7,4990,8.6,5166,3.5,5381,4.2,5244,-2.5,5246,0,5231,-0.3,311,0.21,-0.08,-0.11,-0.02,0.1,-0.17,-0.16,-0.15,-0.22,0.25,-0.05,0.1,0.03
Crestview-Fort Walton Beach-Destin,FL,18880,6815,8594,26.1,9269,7.9,10039,8.3,11702,16.6,12453,6.4,12571,0.9,11884,-5.5,11454,-3.6,10812,-5.6,11132,3,11556,3.8,11462,-0.8,328,-0.15,-0.3,(D),(D),0.01,0.05,-0.08,-0.48,0.35,0.5,0.22,-0.01,-1.16
Cumberland,MD-WV,19060,1947,2044,5,2106,3,2164,2.8,2298,6.2,2419,5.3,2439,0.8,2598,6.5,2664,2.5,2760,3.6,2751,-0.3,2738,-0.5,2706,-1.2,342,0.08,-0.06,(D),(D),(D),(D),(D),(D),-0.2,0.01,0.6,-0.19,0.09
Dallas-Fort Worth-Arlington,TX,19100,255913,266329,4.1,273951,2.9,294104,7.4,316261,7.5,342163,8.2,359489,5.1,366320,1.9,355667,-2.9,368015,3.5,383369,4.2,405081,5.7,413627,2.1,148,-0.14,0.16,(D),(D),0.54,-0.09,0.18,(D),0.17,0.19,0.06,0.02,0
Dalton,GA,19140,4461,4627,3.7,4647,0.4,5318,14.4,5657,6.4,5761,1.8,5939,3.1,5714,-3.8,5274,-7.7,4888,-7.3,4976,1.8,5098,2.5,5147,1,219,(D),0.09,0.04,0.52,0.19,0.32,-0.04,0.32,-0.41,0.04,(D),-0.09,-0.17
Danville,IL,19180,1954,1983,1.5,2142,8,2253,5.2,2284,1.4,2422,6,2387,-1.4,2506,5,2453,-2.1,2505,2.1,2495,-0.4,2521,1,2495,-1,338,-0.23,-0.14,-0.93,-0.54,0.47,0.2,0,0.87,0.01,-0.31,-0.02,-0.21,-0.17
Daphne-Fairhope-Foley,AL,19300,3318,3522,6.1,3728,5.8,4176,12,4495,7.6,4875,8.5,5239,7.5,5629,7.4,5512,-2.1,5557,0.8,5588,0.6,5678,1.6,5909,4.1,51,-0.01,0.52,-0.45,0.03,0.44,0.67,-0.08,2.03,0,0.51,0.34,0.12,-0.08
Davenport-Moline-Rock Island,IA-IL,19340,12118,12746,5.2,13378,5,14572,8.9,15384,5.6,16022,4.1,16715,4.3,17485,4.6,16859,-3.6,17493,3.8,17921,2.4,18023,0.6,18198,1,216,0.17,-0.1,(D),(D),0.07,0.06,0.01,0.15,0.02,0.15,-0.09,-0.04,-0.12
Dayton,OH,19380,29678,30720,3.5,31421,2.3,32687,4,33840,3.5,35175,3.9,35196,0.1,35643,1.3,33234,-6.8,33907,2,34852,2.8,35528,1.9,35216,-0.9,335,(D),0.01,-0.31,-0.06,0.08,(D),-0.2,0.25,-0.37,0.14,-0.03,-0.05,-0.46
Decatur,AL,19460,3641,3636,-0.1,3908,7.5,4363,11.6,4437,1.7,4695,5.8,4882,4,5055,3.5,4866,-3.7,4965,2,4824,-2.8,5034,4.4,5063,0.6,252,0.73,-0.54,(D),(D),0.03,0.07,-0.01,-0.54,0.18,0,-0.01,-0.11,-0.1
Decatur,IL,19500,4327,4186,-3.3,4418,5.5,4757,7.7,5021,5.5,5169,2.9,5454,5.5,5987,9.8,5600,-6.5,5626,0.5,5714,1.6,5597,-2,5511,-1.5,355,0.44,-0.69,-2.45,2.55,-0.2,0.58,-0.06,-0.77,-0.48,-0.28,0.05,-0.2,-0.03
Deltona-Daytona Beach-Ormond Beach,FL,19660,10357,10722,3.5,11353,5.9,12183,7.3,13085,7.4,13909,6.3,14454,3.9,14095,-2.5,13204,-6.3,13181,-0.2,12716,-3.5,12989,2.1,13085,0.7,235,0.24,0.43,0.59,0.07,0.08,0.02,-0.22,-0.22,-0.09,0.22,0.06,-0.34,-0.09
Denver-Aurora-Lakewood,CO,19740,110759,114278,3.2,117737,3,123315,4.7,134503,9.1,140973,4.8,146792,4.1,151500,3.2,148993,-1.7,151419,1.6,153886,1.6,159284,3.5,166150,4.3,47,2.1,0.25,0,0.17,(D),(D),0.21,0.8,-0.04,0.16,0.11,-0.02,0.19
Des Moines-West Des Moines,IA,19780,24408,25668,5.2,28116,9.5,31412,11.7,34357,9.4,34631,0.8,38824,12.1,36342,-6.4,35318,-2.8,36185,2.5,36926,2,38778,5,39714,2.4,128,0.2,0.24,(D),(D),0.36,-0.16,(D),0.94,0.43,0.26,0.05,(D),0.03
Detroit-Warren-Dearborn,MI,19820,192580,197639,2.6,204062,3.2,205592,0.7,213014,3.6,210462,-1.2,213454,1.4,209948,-1.6,187124,-10.9,198770,6.2,206167,3.7,210491,2.1,213258,1.3,198,0,-0.07,0.39,0.14,0.12,0.18,0.12,0.32,0.23,0.13,0.02,0,-0.26
Dothan,AL,20020,3264,3554,8.9,3752,5.6,4053,8,4344,7.2,4503,3.7,4555,1.2,4552,-0.1,4389,-3.6,4505,2.6,4427,-1.7,4505,1.8,4583,1.7,174,0.2,-0.19,(D),(D),0.37,0.51,(D),1.23,-0.21,0.11,-0.04,(D),-0.11
Dover,DE,20100,4134,4395,6.3,4605,4.8,5088,10.5,5297,4.1,5575,5.2,5835,4.7,5979,2.5,6343,6.1,6044,-4.7,5833,-3.5,5960,2.2,6033,1.2,203,(D),0.63,-0.63,(D),0.04,(D),0.01,0.63,0.3,0.52,-0.13,0.01,-0.29
Dubuque,IA,20220,2966,3171,6.9,3318,4.6,3700,11.5,3921,6,4078,4,4210,3.2,4310,2.4,4148,-3.8,4429,6.8,4463,0.8,4678,4.8,4624,-1.2,343,0.63,-0.52,-0.15,0.11,-0.09,0.16,-0.74,-0.21,-0.6,0.19,0,0.02,0.03
Duluth,MN-WI,20260,7340,7888,7.5,8212,4.1,8773,6.8,9139,4.2,9398,2.8,9644,2.6,10179,5.5,9525,-6.4,10331,8.5,10858,5.1,10575,-2.6,10928,3.3,77,0.66,0.5,(D),(D),0.06,0,0.11,0.85,0.18,0.85,-0.01,0.29,-0.04
Durham-Chapel Hill,NC,20500,22359,23909,6.9,25478,6.6,25953,1.9,27700,6.7,32956,19,35520,7.8,37897,6.7,38700,2.1,39914,3.1,38563,-3.4,39395,2.2,39530,0.3,268,0.08,-0.04,-2.22,1,0.58,0.02,0.16,0.47,-0.38,0.6,0.08,0.01,-0.02
East Stroudsburg,PA,20700,3576,3787,5.9,3857,1.8,4207,9.1,4580,8.9,4903,7.1,5266,7.4,5644,7.2,5520,-2.2,5509,-0.2,5191,-5.8,5144,-0.9,5035,-2.1,361,-0.07,-0.19,(D),(D),-0.04,-0.06,-0.32,-0.8,-0.08,-0.18,0.11,-0.08,-0.1
Eau Claire,WI,20740,4361,4674,7.2,4942,5.7,5255,6.3,5749,9.4,5960,3.7,6104,2.4,6205,1.7,6167,-0.6,6406,3.9,6421,0.2,6603,2.8,6621,0.3,271,0.85,-0.18,-0.47,0,0.42,0.17,0.04,-0.91,0.25,0.19,-0.02,0.12,-0.16
El Centro,CA,20940,2990,3446,15.3,3535,2.6,3673,3.9,3917,6.6,4235,8.1,4458,5.3,4707,5.6,4788,1.7,4651,-2.9,4802,3.2,4744,-1.2,4835,1.9,161,1.68,0.4,(D),(D),0.51,0.25,0.12,0.43,-0.24,0.45,0.06,-1.01,-0.33
Elizabethtown-Fort Knox,KY,21060,3332,3470,4.1,3755,8.2,4021,7.1,4181,4,4487,7.3,4471,-0.4,4733,5.9,4686,-1,5357,14.3,5600,4.5,5437,-2.9,5458,0.4,261,(D),-0.15,0.24,0.57,-0.07,(D),0.46,0.39,0.03,-0.07,-0.06,-0.19,-1.49
Elkhart-Goshen,IN,21140,7791,8450,8.5,9345,10.6,9892,5.9,10266,3.8,10567,2.9,10977,3.9,10162,-7.4,7842,-22.8,10279,31.1,10364,0.8,11250,8.5,11610,3.2,87,0.02,-0.52,1.84,-0.1,0.5,0.19,0,-0.26,1.41,0.21,0.04,-0.08,-0.07
Elmira,NY,21300,2256,2267,0.5,2324,2.5,2436,4.8,2621,7.6,2666,1.7,2747,3,2982,8.6,2882,-3.4,3060,6.2,3117,1.9,3083,-1.1,2999,-2.7,368,-0.31,-0.21,-1.34,0.01,-0.13,-0.27,0.12,-0.08,-0.33,0.17,-0.26,0.07,-0.2
El Paso,TX,21340,18483,19450,5.2,19882,2.2,20362,2.4,21245,4.3,23464,10.4,24572,4.7,24213,-1.5,24156,-0.2,24479,1.3,24589,0.4,25415,3.4,25543,0.5,257,0.15,-0.32,0.03,1.19,0.51,0.02,0.03,(D),-0.08,0.09,-0.01,-0.01,-0.58
Erie,PA,21500,7780,7676,-1.3,7857,2.4,8418,7.1,8894,5.7,9273,4.3,9642,4,10165,5.4,9515,-6.4,9486,-0.3,9828,3.6,9807,-0.2,9825,0.2,279,0.25,-0.16,-0.7,0.01,-0.11,0.2,-0.16,1.02,-0.17,-0.08,0.03,0.02,0.04
Eugene,OR,21660,8607,8924,3.7,9357,4.9,10253,9.6,10725,4.6,11402,6.3,12022,5.4,12680,5.5,11452,-9.7,11556,0.9,11895,2.9,12106,1.8,12382,2.3,137,0.22,-0.14,0.69,0.23,0.53,0.12,0.23,0.07,0.05,0.17,0.13,-0.05,0.02
Evansville,IN-KY,21780,11496,12165,5.8,12604,3.6,13151,4.3,13413,2,14047,4.7,14414,2.6,15396,6.8,15066,-2.1,15493,2.8,15495,0,15319,-1.1,15101,-1.4,353,(D),-0.41,(D),(D),(D),0.04,-0.1,0.25,0.03,0.25,-0.06,-0.05,-0.09
Fairbanks,AK,21820,3331,3451,3.6,3770,9.2,4043,7.2,4354,7.7,4868,11.8,5172,6.2,5425,4.9,5082,-6.3,5054,-0.6,5195,2.8,5198,0.1,5027,-3.3,376,-0.42,-0.61,0.01,1.32,0.03,-2.23,-0.07,-0.29,(D),(D),0.05,-0.1,-1.04
Fargo,ND-MN,22020,6805,7335,7.8,7768,5.9,8305,6.9,8689,4.6,9207,6,9662,4.9,10634,10.1,10589,-0.4,11296,6.7,12192,7.9,12961,6.3,13376,3.2,84,-0.09,0.2,-0.13,0.07,0.78,0.04,0.01,1.16,0.47,0.32,0.11,0.05,0.21
Farmington,NM,22140,3768,3632,-3.6,4093,12.7,4640,13.4,5363,15.6,5887,9.8,6329,7.5,5875,-7.2,6020,2.5,5378,-10.7,5629,4.7,5608,-0.4,5613,0.1,285,1.38,-0.41,-0.83,0.09,0.64,-0.12,(D),0.48,-0.04,-0.11,(D),-0.77,-0.02
Fayetteville,NC,22180,9631,10183,5.7,10892,7,11490,5.5,12679,10.3,13414,5.8,14358,7,15643,8.9,16369,4.6,16681,1.9,16619,-0.4,16497,-0.7,16182,-1.9,358,-0.01,-0.05,0.09,0.41,0.06,0.05,(D),-0.17,-0.16,-0.15,-0.01,(D),-1.89
Fayetteville-Springdale-Rogers,AR-MO,22220,11050,12040,9,13324,10.7,14954,12.2,16377,9.5,17445,6.5,17660,1.2,19206,8.8,18359,-4.4,20129,9.6,21005,4.4,21398,1.9,22593,5.6,26,0.11,-0.07,(D),(D),0.68,0.1,(D),0.73,3.33,0.3,0.11,(D),-0.12
Flagstaff,AZ,22380,3021,3219,6.6,3438,6.8,3650,6.2,3968,8.7,4426,11.5,4952,11.9,5090,2.8,4787,-6,4828,0.9,4753,-1.6,4828,1.6,4930,2.1,149,0.13,-0.26,(D),(D),0.45,-0.14,0.02,0.85,0.03,0.49,0.34,0.02,-0.31
Flint,MI,22420,12339,12891,4.5,13280,3,13227,-0.4,13122,-0.8,13041,-0.6,12698,-2.6,12131,-4.5,11080,-8.7,11630,5,11808,1.5,11796,-0.1,11952,1.3,197,0,0.02,-0.77,0.04,0.33,0.14,1.18,0.63,-0.26,0.29,0.24,-0.12,-0.4
Florence,SC,22500,5618,5758,2.5,6023,4.6,6189,2.8,6481,4.7,6861,5.9,7194,4.9,7340,2,7003,-4.6,6896,-1.5,6979,1.2,7141,2.3,7369,3.2,88,0.05,0.18,(D),(D),0.25,0.92,-0.01,1.19,0.12,-0.5,0.04,0.47,0.18
Florence-Muscle Shoals,AL,22520,2827,2881,1.9,3056,6.1,3313,8.4,3536,6.7,3753,6.1,3834,2.2,3899,1.7,3890,-0.2,4014,3.2,4009,-0.1,4096,2.2,4255,3.9,58,1.31,-0.03,2.07,0.32,0.17,-0.16,0.02,0.6,-0.28,0.13,0.01,-0.05,-0.26
Fond du Lac,WI,22540,3028,3029,0,3180,5,3383,6.4,3516,3.9,3668,4.3,3784,3.2,3924,3.7,3613,-7.9,3692,2.2,3796,2.8,3858,1.6,3951,2.4,129,1.39,0.1,0.35,0.6,0.42,-0.03,0.18,-0.9,0.04,0.3,0.01,0.07,-0.13
Fort Collins,CO,22660,8421,9080,7.8,9212,1.5,9564,3.8,10040,5,10461,4.2,10987,5,11381,3.6,11104,-2.4,11544,4,11837,2.5,12200,3.1,12551,2.9,101,0.19,0.14,0.46,0.25,0.42,0.19,-0.3,1.19,0.93,-1.18,0.15,0.07,0.36
Fort Smith,AR-OK,22900,6800,7061,3.8,7545,6.9,8041,6.6,8876,10.4,9623,8.4,9436,-1.9,9753,3.4,9187,-5.8,9593,4.4,9546,-0.5,9605,0.6,9776,1.8,169,(D),-0.23,(D),(D),0.1,0.15,0.17,0.07,(D),0.04,0.01,-0.07,-0.03
Fort Wayne,IN,23060,14456,14769,2.2,15166,2.7,15602,2.9,16259,4.2,17100,5.2,17650,3.2,17641,-0.1,16653,-5.6,17774,6.7,18040,1.5,18443,2.2,18571,0.7,240,0,-0.18,0.66,0.33,0.12,(D),(D),0.89,-0.24,0.26,0.06,-0.06,-0.13
Fresno,CA,23420,20504,22482,9.6,24209,7.7,25888,6.9,27264,5.3,29096,6.7,30147,3.6,30757,2,30782,0.1,31000,0.7,31942,3,32074,0.4,33165,3.4,72,2,0.1,-0.05,-0.17,0.3,0.27,0.37,0.15,0.18,0.59,0.01,-0.21,-0.14
Gadsden,AL,23460,2003,2086,4.1,2165,3.8,2305,6.5,2408,4.5,2480,3,2501,0.8,2617,4.6,2546,-2.7,2578,1.3,2638,2.3,2599,-1.5,2518,-3.1,372,-0.11,-0.14,-0.38,-0.56,0.25,-0.07,0.01,-1.96,0.24,-0.2,-0.02,-0.06,-0.13
Gainesville,FL,23540,6674,6942,4,7281,4.9,8249,13.3,8705,5.5,9282,6.6,10037,8.1,10506,4.7,10288,-2.1,10418,1.3,10276,-1.4,10355,0.8,10431,0.7,237,0.35,0.02,(D),(D),0.7,0.09,(D),-0.53,(D),0.16,0.06,0.01,-0.27
Gainesville,GA,23580,5225,5211,-0.3,5319,2.1,5567,4.7,6085,9.3,6224,2.3,6410,3,6701,4.5,6418,-4.2,6540,1.9,6907,5.6,6840,-1,7100,3.8,60,0.03,0.15,0.57,1.25,0.69,0.1,0.09,-0.11,0.24,0.41,0.78,-0.19,-0.19
Gettysburg,PA,23900,1869,1953,4.5,2114,8.2,2207,4.4,2384,8,2574,8,2663,3.5,2738,2.8,2664,-2.7,2585,-3,2520,-2.5,2570,2,2626,2.2,143,0.35,-0.15,0.12,-0.08,-0.25,0.24,0.21,0.56,0.59,0.39,0.32,-0.13,-0.01
Glens Falls,NY,24020,2837,2990,5.4,3143,5.1,3410,8.5,3602,5.6,3743,3.9,3803,1.6,4038,6.2,4037,0,4129,2.3,4138,0.2,4148,0.2,4018,-3.1,373,0.17,-0.08,-1.95,-0.41,0.14,0.18,0.1,-0.13,-0.44,-0.5,0.07,-0.09,-0.2
Goldsboro,NC,24140,2945,2981,1.2,3045,2.1,3290,8,3444,4.7,3691,7.2,3772,2.2,3874,2.7,3961,2.2,3957,-0.1,3915,-1.1,3940,0.6,3930,-0.3,309,-0.65,-1.83,-0.19,2.09,0.39,0.05,-0.08,0.28,-0.06,0.37,0,-0.06,-0.56
Grand Forks,ND-MN,24220,2625,2751,4.8,3049,10.8,3099,1.6,3212,3.6,3501,9,3656,4.4,3945,7.9,3821,-3.1,3924,2.7,3850,-1.9,4214,9.5,4326,2.7,110,1.64,-0.11,0.04,0.03,0.24,0.1,-0.02,-0.18,0,0.5,-0.04,-0.01,0.46
Grand Island,NE,24260,2121,2237,5.5,2411,7.8,2537,5.2,2745,8.2,2934,6.9,3114,6.1,3291,5.7,3347,1.7,3412,1.9,3546,3.9,3583,1,3707,3.5,69,2.06,0.3,(D),(D),0.39,0.29,(D),0.16,0.43,0.15,0.01,(D),0.04
Grand Junction,CO,24300,2976,3165,6.4,3296,4.1,3516,6.7,3870,10.1,4274,10.4,4815,12.7,5384,11.8,4937,-8.3,4731,-4.2,4805,1.6,4872,1.4,4830,-0.9,332,-1.23,-0.01,0.04,-0.01,0.18,-0.37,-0.07,0.39,-0.23,0.27,0.09,-0.18,0.27
Grand Rapids-Wyoming,MI,24340,35141,36863,4.9,38062,3.3,39559,3.9,41211,4.2,42043,2,41713,-0.8,41959,0.6,39226,-6.5,40814,4,41971,2.8,43521,3.7,45221,3.9,57,0.33,0.22,(D),(D),0.4,-0.13,0.14,1.02,0.06,0.42,0.13,0.02,-0.24
Grants Pass,OR,24420,1296,1375,6.1,1468,6.8,1612,9.8,1702,5.6,1828,7.4,1816,-0.7,1843,1.5,1778,-3.5,1743,-2,1750,0.4,1782,1.8,1780,-0.1,296,0.06,0.05,-0.56,0.25,0.11,-0.36,-0.1,0.55,-0.15,-0.11,0.05,0.15,0
Great Falls,MT,24500,2053,2102,2.4,2227,5.9,2384,7,2479,4,2689,8.5,2832,5.3,2942,3.9,2942,0,2979,1.3,2978,0,2982,0.1,2946,-1.2,344,0.52,-0.63,0.1,0.44,-0.05,-0.21,0.11,-0.39,-0.59,0.2,0.05,-0.01,-0.76
Greeley,CO,24540,5221,5349,2.5,5458,2,5795,6.2,6260,8,6653,6.3,7172,7.8,7302,1.8,7197,-1.4,7238,0.6,7388,2.1,7806,5.7,8592,10.1,2,(D),1.33,-0.45,0.45,0.87,(D),-0.1,0.93,0.82,-0.27,0.1,0.14,0.27
Green Bay,WI,24580,11622,11896,2.4,12495,5,13206,5.7,13675,3.6,14145,3.4,14578,3.1,14902,2.2,14691,-1.4,15174,3.3,15443,1.8,15659,1.4,15991,2.1,146,0.55,0.15,0.02,-0.02,(D),0.91,(D),0.21,-0.11,-0.03,0.24,(D),-0.12
Greensboro-High Point,NC,24660,26701,27293,2.2,27917,2.3,28861,3.4,30483,5.6,32303,6,32972,2.1,34385,4.3,33116,-3.7,33928,2.5,34414,1.4,34984,1.7,35530,1.6,183,0.01,0.09,0.24,0.27,0.46,-0.13,-0.15,0.58,0,0.22,-0.02,0.01,-0.02
Greenville,NC,24780,4123,4292,4.1,4458,3.9,4524,1.5,4835,6.9,5200,7.5,5667,9,6057,6.9,6105,0.8,6163,1,6294,2.1,6693,6.3,6639,-0.8,327,0.2,-0.11,-1.57,-0.65,0.14,-0.04,-0.17,0.71,0.69,0.17,0.02,-0.25,0.06
Greenville-Anderson-Mauldin,SC,24860,24746,25068,1.3,26187,4.5,25656,-2,27091,5.6,28136,3.9,29838,6,31461,5.4,29880,-5,30837,3.2,32162,4.3,32377,0.7,32841,1.4,189,0.01,-0.22,0.69,-0.01,0.25,-0.24,-0.01,0.77,-0.02,-0.23,0.01,0.29,0.15
Gulfport-Biloxi-Pascagoula,MS,25060,10535,10572,0.4,11660,10.3,11743,0.7,13246,12.8,13940,5.2,15106,8.4,15935,5.5,15293,-4,15071,-1.5,14189,-5.9,14197,0.1,14768,4,53,0,1.52,(D),(D),0.25,-0.28,0.09,1.08,-0.11,0.18,0.24,0.05,-0.65
Hagerstown-Martinsburg,MD-WV,25180,5572,5815,4.4,6071,4.4,6462,6.4,6970,7.9,7453,6.9,7472,0.3,7702,3.1,7478,-2.9,7567,1.2,7745,2.4,7858,1.5,7850,-0.1,298,(D),(D),-0.22,-0.91,0.18,0.14,0.02,0.43,0.28,0.23,-0.05,0,-0.19
Hammond,LA,25220,1728,1831,6,1992,8.8,2241,12.5,2572,14.8,3282,27.6,3276,-0.2,3385,3.3,3265,-3.5,3537,8.3,3487,-1.4,3296,-5.5,3362,2,155,-0.2,-1.29,-0.33,2.65,0.36,0.16,0.12,-0.14,-0.24,0.98,0.04,0.56,-0.67
Hanford-Corcoran,CA,25260,2743,2964,8.1,3431,15.8,3852,12.3,4013,4.2,4102,2.2,4748,15.7,4660,-1.9,4276,-8.2,4379,2.4,4581,4.6,4491,-2,4662,3.8,62,3.91,0.06,(D),(D),0.35,0.35,0.06,-0.62,-0.02,0.09,0.04,-0.42,-0.7
Harrisburg-Carlisle,PA,25420,21880,22483,2.8,23390,4,24830,6.2,25849,4.1,27184,5.2,28355,4.3,29093,2.6,28841,-0.9,28955,0.4,29199,0.8,29559,1.2,29957,1.3,195,0.14,0.02,0.06,-0.49,-0.13,0.15,0.08,0.07,1.09,0.34,0.04,-0.04,0.02
Harrisonburg,VA,25500,4789,4535,-5.3,4687,3.4,4785,2.1,5070,6,5341,5.3,5640,5.6,5948,5.5,6262,5.3,6747,7.7,6654,-1.4,6667,0.2,6664,0,295,0.49,-0.14,-0.14,-0.11,0.01,-0.15,0.03,0.04,-0.07,0,-0.05,-0.05,0.09
Hartford-West Hartford-East Hartford,CT,25540,59859,59140,-1.2,61261,3.6,67439,10.1,71114,5.4,75816,6.6,82272,8.5,84612,2.8,83284,-1.6,82480,-1,79925,-3.1,80397,0.6,81261,1.1,213,(D),0.13,(D),(D),(D),0.13,0.13,0.17,0.31,0.19,0.03,-0.01,-0.02
Hattiesburg,MS,25620,3100,3284,5.9,3461,5.4,3701,6.9,3902,5.4,4323,10.8,4538,5,4783,5.4,4808,0.5,4863,1.1,4868,0.1,5058,3.9,5107,1,217,-0.23,0.08,-0.03,-0.09,0.47,0.62,0.04,0.07,-0.11,0.05,0.2,0.12,-0.21
Hickory-Lenoir-Morganton,NC,25860,10455,10596,1.3,10394,-1.9,10947,5.3,11234,2.6,11977,6.6,11588,-3.2,11872,2.5,11262,-5.1,11555,2.6,11536,-0.2,11595,0.5,11689,0.8,231,(D),0.14,0.77,-0.27,0.44,0.21,0,-0.82,-0.03,(D),0.02,-0.01,0.01
Hilton Head Island-Bluffton-Beaufort,SC,25940,5410,5866,8.4,6254,6.6,6706,7.2,7197,7.3,7783,8.1,8237,5.8,7914,-3.9,7491,-5.3,7337,-2.1,7144,-2.6,7226,1.1,7264,0.5,255,-0.16,0.39,-0.1,0.02,0.51,0.04,0.05,0.46,-0.15,-0.15,0.15,-0.14,-0.4
Hinesville,GA,25980,1704,1765,3.6,2002,13.4,2157,7.7,2413,11.9,2550,5.7,2726,6.9,3081,13,3141,1.9,3353,6.7,3479,3.8,3396,-2.4,3254,-4.2,378,(D),-0.02,0,0.35,-0.05,0.45,(D),-0.16,-0.12,0.1,-0.05,-0.57,-4.12
Homosassa Springs,FL,26100,2090,2177,4.2,2375,9.1,2495,5.1,2815,12.8,3028,7.6,3134,3.5,3110,-0.8,3185,2.4,3276,2.9,3159,-3.6,3081,-2.5,3065,-0.5,318,0.04,-0.58,(D),(D),0.5,0.42,-0.09,0.52,-1.61,0.21,0.4,-0.18,-0.07
Hot Springs,AR,26300,1957,2011,2.8,2104,4.6,2261,7.5,2453,8.5,2585,5.4,2594,0.3,2759,6.4,2628,-4.7,2776,5.6,2863,3.1,2936,2.5,2993,1.9,157,0.39,-0.09,0.4,1.02,0.13,-0.03,0.06,0.33,-0.16,0.17,-0.07,-0.04,-0.16
Houma-Thibodaux,LA,26380,6262,5714,-8.8,5996,4.9,6218,3.7,6914,11.2,8468,22.5,9393,10.9,9682,3.1,10565,9.1,10757,1.8,10496,-2.4,11091,5.7,11840,6.8,15,1.37,0.02,-0.05,1.13,0.35,2.33,0.04,0.51,1.11,-0.12,0.25,0.05,-0.25
Houston-The Woodlands-Sugar Land,TX,26420,241587,239166,-1,255599,6.9,286548,12.1,317240,10.7,353327,11.4,392601,11.1,372577,-5.1,375438,0.8,379595,1.1,397638,4.8,433463,9,456177,5.2,29,(D),0.27,(D),(D),(D),(D),-0.02,0.22,0.63,0.22,0.08,-0.02,0.02
Huntington-Ashland,WV-KY-OH,26580,8331,8683,4.2,9038,4.1,9653,6.8,10322,6.9,10970,6.3,11456,4.4,11971,4.5,12147,1.5,12116,-0.3,11878,-2,11750,-1.1,12248,4.2,48,1.87,-0.32,(D),(D),(D),(D),-0.12,1.43,(D),-0.04,(D),-0.09,-0.13
Huntsville,AL,26620,12420,13642,9.8,15033,10.2,16322,8.6,17400,6.6,18349,5.5,18964,3.4,19945,5.2,20215,1.4,21147,4.6,21339,0.9,21509,0.8,21645,0.6,247,0.17,0,0.54,0,0.31,0.04,-0.04,0.26,-0.01,0.21,-0.01,-0.06,-0.79
Idaho Falls,ID,26820,3078,3305,7.4,3468,4.9,3743,7.9,3967,6,4340,9.4,4670,7.6,4998,7,5033,0.7,5021,-0.2,5060,0.8,4977,-1.6,5057,1.6,179,(D),-0.17,-0.02,0.42,0.36,(D),-0.1,-0.51,-0.08,0.33,0.11,-0.03,0
Indianapolis-Carmel-Anderson,IN,26900,78606,80884,2.9,84537,4.5,90698,7.3,94511,4.2,99621,5.4,104147,4.5,111437,7,106790,-4.2,110874,3.8,110623,-0.2,113491,2.6,117312,3.4,74,0.02,(D),(D),(D),(D),(D),0.13,0.35,0.57,0.25,0.07,0.01,-0.15
Iowa City,IA,26980,5176,5201,0.5,5450,4.8,5850,7.3,6068,3.7,6476,6.7,6790,4.8,7154,5.4,7184,0.4,7384,2.8,7586,2.7,7797,2.8,7974,2.3,139,0.61,0.08,-0.04,0.18,0.33,-0.01,0.29,0.28,-0.11,0.35,0.01,0.04,0.25
Ithaca,NY,27060,2873,3024,5.3,3267,8,3387,3.7,3508,3.6,3619,3.2,3753,3.7,4135,10.2,4163,0.7,4179,0.4,4148,-0.7,4208,1.4,4211,0.1,287,0.38,0.04,0.23,0.2,0.02,0.34,0.09,0.41,0.17,-1.68,-0.01,0.01,-0.15
Jackson,MI,27100,4176,4320,3.4,4347,0.6,4560,4.9,4770,4.6,4829,1.2,4928,2.1,5024,1.9,4686,-6.7,5020,7.1,5108,1.8,5125,0.3,5335,4.1,50,0.08,-0.3,1.69,0.12,0.87,1.19,-0.01,0.82,-0.13,0.24,0.05,-0.17,-0.34
Jackson,MS,27140,17173,18014,4.9,18974,5.3,20342,7.2,21108,3.8,22382,6,23692,5.9,24606,3.9,24168,-1.8,24673,2.1,25270,2.4,26130,3.4,26225,0.4,264,-0.82,0.2,(D),(D),0.41,-0.05,0.15,-0.2,0.67,0,0.04,0.01,-0.18
Jackson,TN,27180,3811,4028,5.7,4251,5.5,4423,4,4656,5.3,4799,3.1,4733,-1.4,5092,7.6,4958,-2.6,5019,1.2,5127,2.2,5299,3.4,5348,0.9,226,(D),-0.44,(D),(D),-0.16,(D),(D),-0.13,0.51,-0.17,-0.02,(D),-0.15
Jacksonville,FL,27260,40586,42736,5.3,46361,8.5,49775,7.4,53876,8.2,58849,9.2,60625,3,59732,-1.5,56393,-5.6,56755,0.6,56281,-0.8,57388,2,58229,1.5,188,(D),0.26,0.06,-0.06,0.34,(D),-0.05,0.37,0.13,0.3,0.35,-0.07,-0.3
Jacksonville,NC,27340,3751,3726,-0.7,4082,9.6,4611,13,5062,9.8,5359,5.9,5986,11.7,6698,11.9,7374,10.1,7774,5.4,7683,-1.2,7668,-0.2,7477,-2.5,363,0.12,-0.08,0.33,0.05,0.09,-0.03,0,0.04,-0.34,0.27,0.04,0.03,-3
Janesville-Beloit,WI,27500,4255,4695,10.3,4881,4,4941,1.2,4918,-0.5,5366,9.1,5332,-0.6,5265,-1.3,4789,-9,4909,2.5,5033,2.5,5107,1.5,5413,6,23,0.53,0.68,-0.84,0.22,0.18,0.46,0.57,0.69,2.61,1.06,0.03,-0.04,-0.16
Jefferson City,MO,27620,4495,4456,-0.9,4796,7.6,5155,7.5,5325,3.3,5532,3.9,5682,2.7,5962,4.9,5963,0,6170,3.5,6027,-2.3,5953,-1.2,6140,3.1,92,(D),-0.14,(D),(D),(D),1.76,1.22,-0.41,0.09,-0.23,0.05,0.03,-0.02
Johnson City,TN,27740,4063,4305,6,4605,7,4980,8.1,5201,4.4,5390,3.6,5457,1.2,5855,7.3,5823,-0.5,5557,-4.6,5703,2.6,5801,1.7,5678,-2.1,362,(D),-0.1,-0.62,0,(D),-0.05,-0.08,0.6,-0.53,-0.28,0.24,-0.08,-0.3
Johnstown,PA,27780,3250,3186,-2,3321,4.2,3457,4.1,3663,6,3804,3.8,3980,4.6,4125,3.6,4080,-1.1,4059,-0.5,4079,0.5,4045,-0.8,3965,-2,359,-0.85,-0.09,0.06,-0.31,-0.01,-0.23,-0.04,0.25,-0.64,0.18,-0.13,-0.17,0.02
Jonesboro,AR,27860,2899,2961,2.1,3230,9.1,3483,7.8,3694,6.1,3857,4.4,3826,-0.8,4226,10.5,4147,-1.9,4404,6.2,4363,-0.9,4514,3.5,4543,0.6,246,(D),-0.09,-0.2,0.28,0.6,0.16,0.03,0.08,(D),0.93,0.07,0.05,-0.13
Joplin,MO,27900,4287,4283,-0.1,4625,8,4900,5.9,5104,4.2,5379,5.4,5519,2.6,5809,5.3,5771,-0.7,6026,4.4,6011,-0.2,6041,0.5,6054,0.2,276,-0.2,0.11,0.21,0.5,(D),(D),-0.41,-0.23,0.08,0.19,-0.05,-0.06,-0.03
Kahului-Wailuku-Lahaina,HI,27980,4514,4653,3.1,5055,8.6,5589,10.6,6139,9.8,6655,8.4,7004,5.2,7155,2.2,6744,-5.7,6661,-1.2,6853,2.9,7018,2.4,6976,-0.6,321,(D),-0.26,-0.03,0.03,-0.05,-0.05,0.01,-0.61,-0.14,(D),-0.1,-0.1,0.18
Kalamazoo-Portage,MI,28020,9912,10862,9.6,11355,4.5,11475,1.1,11449,-0.2,11852,3.5,12362,4.3,12845,3.9,12487,-2.8,12634,1.2,12717,0.7,12699,-0.1,13005,2.4,126,0.31,-0.03,0.84,0.04,0.38,-0.04,-0.19,0.72,0.15,0.55,0.06,-0.02,-0.34
Kankakee,IL,28100,2472,2601,5.2,2667,2.5,2820,5.7,2869,1.7,3032,5.7,3093,2,3193,3.2,3192,0,3188,-0.1,3165,-0.7,3285,3.8,3360,2.3,138,0.35,0.07,0.74,1.28,0.1,0.15,0.2,-0.19,-0.32,0.06,-0.13,0.01,-0.03
Kansas City,MO-KS,28140,79597,82298,3.4,84907,3.2,89272,5.1,93267,4.5,96813,3.8,101104,4.4,105827,4.7,103233,-2.5,106566,3.2,106967,0.4,108800,1.7,110278,1.4,193,0.04,-0.02,(D),(D),(D),0.03,0.21,0.04,0.49,(D),0.14,0.02,-0.13
Kennewick-Richland,WA,28420,6185,6744,9,7213,7,7528,4.4,7933,5.4,8105,2.2,8991,10.9,9558,6.3,10297,7.7,10914,6,10757,-1.4,10170,-5.5,10314,1.4,191,1.87,-0.04,-0.08,0.43,0.41,0.04,-0.03,0.48,-1.84,0.46,0.05,-0.31,-0.01
Killeen-Temple,TX,28660,8010,8455,5.6,9200,8.8,9824,6.8,11042,12.4,12351,11.9,13459,9,14704,9.3,15163,3.1,14936,-1.5,14969,0.2,14896,-0.5,14834,-0.4,314,0.12,0.86,(D),(D),-0.04,-0.34,-0.23,-0.03,-0.15,0.71,0.03,-0.18,-1.46
Kingsport-Bristol-Bristol,TN-VA,28700,7820,7675,-1.9,7808,1.7,8613,10.3,8602,-0.1,9319,8.3,9527,2.2,10014,5.1,9694,-3.2,10035,3.5,10393,3.6,10406,0.1,10279,-1.2,346,(D),-0.34,(D),(D),(D),0.12,0.5,-0.2,-0.4,-0.08,-0.08,-0.06,-0.05
Kingston,NY,28740,3523,3682,4.5,3924,6.6,4134,5.4,4345,5.1,4694,8,4801,2.3,4970,3.5,4937,-0.7,5012,1.5,4884,-2.6,4858,-0.5,4888,0.6,248,0.14,-0.11,-0.03,-0.13,0.18,-0.04,-0.34,0.6,0.03,0.41,0.79,-0.59,-0.28
Knoxville,TN,28940,23121,24629,6.5,26171,6.3,28029,7.1,29325,4.6,30205,3,30710,1.7,32873,7,32049,-2.5,32319,0.8,33535,3.8,34134,1.8,34346,0.6,249,(D),0.04,(D),(D),(D),0.16,(D),(D),0.14,0.06,-0.01,-0.15,-0.16
Kokomo,IN,29020,3617,3953,9.3,4443,12.4,4209,-5.3,4051,-3.8,4179,3.2,4478,7.2,3821,-14.7,2573,-32.7,3788,47.2,3930,3.7,4018,2.2,4149,3.3,82,-0.09,0.02,1.2,0.07,0.13,0.17,0,-0.32,0.27,1.94,0.06,-0.07,-0.13
La Crosse-Onalaska,WI-MN,29100,4025,4259,5.8,4535,6.5,4686,3.3,4911,4.8,5087,3.6,5267,3.5,5711,8.4,5692,-0.3,5831,2.4,5871,0.7,5952,1.4,6090,2.3,135,0.18,0.03,-0.08,0.48,0.96,-0.01,-0.06,0.23,0.26,0.41,-0.01,0.06,-0.14
Lafayette,LA,29140,14894,13941,-6.4,14708,5.5,15571,5.9,17235,10.7,20490,18.9,22102,7.9,21999,-0.5,23696,7.7,24401,3,25449,4.3,26665,4.8,25386,-4.8,379,(D),-0.28,0.56,0.55,0.03,(D),0.04,0.02,0.37,-0.07,0.09,-0.02,-0.21
Lafayette-West Lafayette,IN,29180,5878,6211,5.7,6447,3.8,6904,7.1,7253,5.1,7445,2.6,7831,5.2,8378,7,7741,-7.6,8349,7.9,8530,2.2,8665,1.6,8547,-1.4,351,(D),0,-1.17,-0.71,0.15,-0.01,0.02,0.12,0.2,0.02,0,-0.04,-0.23
Lake Charles,LA,29340,7012,7317,4.3,9373,28.1,11086,18.3,16345,47.4,15334,-6.2,13451,-12.3,12209,-9.2,11422,-6.4,12432,8.8,10999,-11.5,11012,0.1,11884,7.9,8,-0.78,0.84,0.01,(D),-0.15,0.11,0.06,0.19,0.22,-0.25,0,-0.06,-0.23
Lake Havasu City-Kingman,AZ,29420,2415,2613,8.2,2862,9.5,3088,7.9,3473,12.5,3965,14.2,4121,3.9,3958,-4,3578,-9.6,3563,-0.4,3552,-0.3,3544,-0.2,3520,-0.7,322,(D),0.9,-0.25,0.21,0.25,-0.19,-0.09,-1.78,(D),0.05,0.47,-0.05,-0.11
Lakeland-Winter Haven,FL,29460,11536,12243,6.1,12988,6.1,14221,9.5,15448,8.6,16689,8,17287,3.6,17924,3.7,17107,-4.6,17114,0,16855,-1.5,16895,0.2,17454,3.3,80,0.04,0.25,0.33,0.45,0.92,0.17,-0.06,1.07,0.25,0.16,-0.15,-0.04,-0.06
Lancaster,PA,29540,15521,15993,3,16535,3.4,17401,5.2,18306,5.2,18981,3.7,19434,2.4,20014,3,19565,-2.2,20554,5.1,21027,2.3,21209,0.9,21587,1.8,170,0.41,-0.05,-0.17,0.06,-0.31,0.12,0.12,1.02,0.29,0.24,0.02,0.01,0.03
Lansing-East Lansing,MI,29620,15829,16764,5.9,17391,3.7,17426,0.2,18073,3.7,18661,3.3,19015,1.9,19023,0,17842,-6.2,19133,7.2,18847,-1.5,18727,-0.6,19168,2.4,130,0.3,0.11,1.05,0.2,0.12,0.18,0.27,0.55,0.15,0.1,-0.04,-0.06,-0.57
Laredo,TX,29700,3857,4093,6.1,4389,7.2,4631,5.5,5134,10.9,5511,7.3,5719,3.8,6114,6.9,5770,-5.6,5927,2.7,6239,5.3,6628,6.2,6847,3.3,81,2.27,0.08,-0.05,-0.04,0.65,-0.39,0.08,0.37,0.03,0.15,0.14,0.07,-0.06
Las Cruces,NM,29740,3398,3785,11.4,4137,9.3,4553,10.1,4865,6.9,5079,4.4,5410,6.5,5745,6.2,5929,3.2,6043,1.9,5959,-1.4,5859,-1.7,5908,0.8,230,0.31,-0.15,-0.06,-0.03,0.59,-0.45,0.05,-0.03,0.52,-0.01,0.03,0.04,0.02
Las Vegas-Henderson-Paradise,NV,29820,56773,60455,6.5,64680,7,74388,15,84636,13.8,90969,7.5,95768,5.3,95557,-0.2,86547,-9.4,84682,-2.2,83923,-0.9,85278,1.6,87359,2.4,123,-0.03,0.21,0.07,-0.02,0.24,0.07,0.05,1.07,0.48,0.21,0.2,-0.02,-0.11
Lawrence,KS,29940,2697,2798,3.7,2873,2.7,2971,3.4,3085,3.8,3168,2.7,3389,7,3578,5.6,3611,0.9,3533,-2.2,3574,1.2,3605,0.9,3622,0.5,259,0,-0.43,0.24,1.01,(D),(D),0.11,-0.41,0.05,-0.16,-0.13,-0.07,-0.07
Lawton,OK,30020,2788,2912,4.4,3177,9.1,3368,6,3484,3.4,3845,10.4,4062,5.6,4314,6.2,4482,3.9,4680,4.4,4621,-1.3,4458,-3.5,4534,1.7,175,(D),-0.22,0,0.35,0.45,0.2,-0.02,1.59,0.31,0.01,0.03,-0.07,-0.86
Lebanon,PA,30140,2691,2751,2.2,2932,6.6,3134,6.9,3259,4,3430,5.2,3613,5.3,3884,7.5,3868,-0.4,4036,4.3,4031,-0.1,4069,0.9,4013,-1.4,350,0.75,-0.1,0.15,-0.75,(D),(D),0.13,0.37,0.02,-0.02,0.06,0.05,-0.09
Lewiston,ID-WA,30300,1476,1506,2,1592,5.7,1658,4.1,1725,4,1808,4.8,1890,4.5,1967,4.1,1918,-2.5,1943,1.3,1901,-2.2,1883,-0.9,1913,1.6,180,(D),0.17,(D),(D),0.15,-0.08,0.08,0.48,(D),0.79,-0.02,-0.54,0.09
Lewiston-Auburn,ME,30340,2736,3017,10.3,3156,4.6,3334,5.6,3379,1.3,3553,5.1,3722,4.8,3859,3.7,3763,-2.5,3740,-0.6,3729,-0.3,3778,1.3,3782,0.1,284,0.08,0.52,-0.25,-0.72,-0.12,0.51,-0.12,0.66,-0.39,-0.1,0.13,-0.02,-0.1
Lexington-Fayette,KY,30460,17464,18640,6.7,19174,2.9,20029,4.5,20920,4.4,22109,5.7,22689,2.6,23585,3.9,22202,-5.9,23644,6.5,23959,1.3,24266,1.3,24851,2.4,127,0.29,0.05,(D),(D),-0.02,(D),-0.02,0.77,0.63,0.07,0.01,-0.01,-0.08
Lima,OH,30620,3850,3915,1.7,4009,2.4,4220,5.3,4447,5.4,4568,2.7,4585,0.4,4324,-5.7,4781,10.6,4769,-0.3,4772,0.1,4790,0.4,5166,7.8,9,0.22,0,-0.33,8.51,-0.54,0.09,-0.07,0.11,0.2,-0.35,0.08,0.02,-0.1
Lincoln,NE,30700,10271,10630,3.5,11568,8.8,12065,4.3,12510,3.7,13207,5.6,13608,3,13916,2.3,13947,0.2,14373,3.1,14602,1.6,15089,3.3,15482,2.6,112,0.01,0.1,0.09,0.06,0.28,0.22,0.45,0.53,0.36,0.21,0.17,0.03,0.08
Little Rock-North Little Rock-Conway,AR,30780,22339,23494,5.2,24574,4.6,26396,7.4,29680,12.4,32004,7.8,35761,11.7,37007,3.5,37636,1.7,37618,0,38398,2.1,38354,-0.1,38625,0.7,239,0.64,-0.17,(D),(D),0.15,0.18,(D),-0.22,-0.11,0.01,0.04,-0.07,-0.28
Logan,UT-ID,30860,2035,2146,5.5,2431,13.3,2641,8.6,2748,4.1,2908,5.8,3168,8.9,3435,8.4,3420,-0.4,3644,6.5,3856,5.8,3902,1.2,4090,4.8,33,0.8,0.2,-0.19,0.84,0.05,-0.06,0.23,1.14,0.53,1.08,0.08,-0.16,0.26
Longview,TX,30980,5461,5534,1.3,5952,7.6,6561,10.2,7388,12.6,8401,13.7,9074,8,9762,7.6,9308,-4.7,9932,6.7,10448,5.2,11349,8.6,11340,-0.1,297,-1.52,0.23,-0.04,0.14,0.86,0.01,0.44,0.09,0.15,-0.36,0,-0.09,0.02
Longview,WA,31020,2389,2352,-1.5,2493,6,2586,3.7,2772,7.2,2954,6.6,3113,5.4,3199,2.8,3068,-4.1,3136,2.2,3090,-1.5,3200,3.6,3279,2.5,120,0.62,-0.93,0.18,1.52,0.28,-0.01,-0.01,0.7,0.32,0.06,-0.09,-0.2,0.01
Los Angeles-Long Beach-Anaheim,CA,31100,545658,568879,4.3,599897,5.5,644679,7.5,682436,5.9,727543,6.6,759396,4.4,786211,3.5,748002,-4.9,747663,0,752826,0.7,766654,1.8,775967,1.2,204,-0.46,0.05,-0.02,0.21,0.1,0.06,0.78,0.4,0.07,0.06,0.04,-0.05,-0.05
Louisville/Jefferson County,KY-IN,31140,43985,45223,2.8,46430,2.7,49329,6.2,51658,4.7,54457,5.4,56362,3.5,58104,3.1,55187,-5,57819,4.8,58886,1.8,60725,3.1,60649,-0.1,300,(D),-0.03,0.35,0.02,0.32,(D),(D),-0.73,0.03,(D),0.06,(D),-0.08
Lubbock,TX,31180,6693,7128,6.5,7542,5.8,8088,7.2,8527,5.4,9029,5.9,9308,3.1,9789,5.2,9770,-0.2,10152,3.9,9889,-2.6,10459,5.8,10992,5.1,31,2.61,(D),(D),0.02,1.1,(D),0.24,0.37,-0.29,(D),0.12,-0.04,0.11
Lynchburg,VA,31340,6386,6306,-1.3,6553,3.9,6912,5.5,7328,6,7806,6.5,7995,2.4,8422,5.3,8259,-1.9,8540,3.4,8381,-1.9,8347,-0.4,8313,-0.4,313,(D),-0.11,-0.27,-0.11,-0.01,(D),(D),0.37,(D),-0.07,-0.04,-0.05,0.06
Macon,GA,31420,7182,7319,1.9,7275,-0.6,7543,3.7,7681,1.8,7759,1,7658,-1.3,8049,5.1,7786,-3.3,7790,0.1,7858,0.9,7801,-0.7,8002,2.6,113,-0.32,0.13,(D),-0.37,(D),(D),(D),1.19,1.2,0.33,(D),-0.11,-0.27
Madera,CA,31460,2186,2442,11.7,2674,9.5,3175,18.7,3349,5.5,3498,4.4,3728,6.6,3674,-1.4,3466,-5.7,3695,6.6,3846,4.1,3972,3.3,4291,8,7,5.12,0.41,-0.28,0.91,0.28,0.6,0.19,0.82,0.15,0.14,0.04,-0.29,-0.05
Madison,WI,31540,24608,26103,6.1,27436,5.1,29599,7.9,31574,6.7,32945,4.3,34776,5.6,35649,2.5,35910,0.7,37254,3.7,38218,2.6,38891,1.8,40186,3.3,78,0.38,0.36,(D),(D),0.17,0.09,0.61,0.04,0.47,1.12,0.06,-0.05,-0.19
Manchester-Nashua,NH,31700,15524,16499,6.3,18009,9.2,18845,4.6,20062,6.5,20575,2.6,21146,2.8,21868,3.4,21522,-1.6,21341,-0.8,22317,4.6,22284,-0.1,22456,0.8,234,-0.03,0.17,-0.07,-0.01,0.13,-0.06,-0.05,0.23,0.23,0.25,0.09,0.07,-0.18
Manhattan,KS,31740,1818,1887,3.8,2032,7.7,2131,4.9,2231,4.7,2339,4.8,2559,9.4,2832,10.7,2771,-2.2,2799,1,2867,2.4,2883,0.6,2840,-1.5,354,-0.05,-1.59,-0.55,0.08,0.45,-0.02,0.07,-0.03,0.36,-0.03,-0.06,-0.02,-0.1
Mankato-North Mankato,MN,31860,2686,2799,4.2,2967,6,3227,8.8,3441,6.6,3625,5.3,3671,1.3,3846,4.8,3645,-5.2,3843,5.4,3985,3.7,4118,3.3,4151,0.8,233,1.32,0.12,0.03,0.49,(D),(D),-0.04,0.14,0.13,0.37,0.08,0.09,0
Mansfield,OH,31900,3607,3778,4.7,3887,2.9,4112,5.8,4179,1.6,4238,1.4,4076,-3.8,4064,-0.3,3488,-14.2,3587,2.8,3657,2,3686,0.8,3695,0.2,272,0,-0.43,0.49,0.37,0.26,-0.16,-0.09,0.26,0.19,-0.26,-0.07,-0.09,-0.21
McAllen-Edinburg-Mission,TX,32580,8287,8737,5.4,9484,8.5,10332,8.9,11230,8.7,12240,9,12928,5.6,13748,6.3,13924,1.3,14401,3.4,14704,2.1,15324,4.2,15777,3,95,0.37,0.07,0.13,0.11,1.03,0.22,0.05,0.31,0.15,0.42,0.09,-0.05,0.07
Medford,OR,32780,4771,4995,4.7,5323,6.6,5779,8.6,6100,5.6,6457,5.9,6544,1.3,6378,-2.5,6092,-4.5,5972,-2,5903,-1.2,6135,3.9,6368,3.8,61,0.34,0.39,0.7,0.23,0.41,0.06,-0.33,0.68,0.34,0.74,0.17,0.11,-0.05
Memphis,TN-MS-AR,32820,49301,52133,5.7,53981,3.5,56791,5.2,59175,4.2,61706,4.3,63509,2.9,64390,1.4,61682,-4.2,61731,0.1,61885,0.2,63160,2.1,63081,-0.1,299,0.07,-0.11,-0.17,0.34,(D),(D),(D),-0.44,0.14,0.22,(D),(D),-0.17
Merced,CA,32900,3935,4373,11.1,4920,12.5,5576,13.3,5650,1.3,5830,3.2,6571,12.7,6160,-6.3,6034,-2,6004,-0.5,6046,0.7,6217,2.8,6498,4.5,42,4.59,-0.08,0.36,0.71,-0.13,-0.29,0.04,-0.32,-0.22,0.35,0.06,-0.48,-0.08
Miami-Fort Lauderdale-West Palm Beach,FL,33100,185869,196135,5.5,205329,4.7,221256,7.8,244020,10.3,259833,6.5,268330,3.3,269478,0.4,247947,-8,247743,-0.1,249165,0.6,256900,3.1,263115,2.4,125,0.09,0.11,0.01,0.05,0.38,0.25,0.2,0.74,0.17,0.27,0.19,0.06,-0.1
Michigan City-La Porte,IN,33140,2841,2884,1.5,2948,2.2,3165,7.4,3278,3.6,3359,2.5,3545,5.5,3607,1.7,3355,-7,3507,4.5,3510,0.1,3489,-0.6,3571,2.4,131,0.36,-0.18,-0.31,1.38,0.33,0.14,-0.02,0.45,-0.09,0.42,0.06,-0.03,-0.16
Midland,MI,33220,2916,3135,7.5,3081,-1.7,3419,11,3204,-6.3,3261,1.8,3460,6.1,3631,4.9,3574,-1.6,3696,3.4,3723,0.7,3605,-3.2,3604,0,294,0.62,0.01,-0.5,0.97,0.08,-1.71,-0.22,0.32,-0.01,0.63,0.04,0.04,-0.29
Midland,TX,33260,5744,5114,-11,5777,13,6557,13.5,8034,22.5,9357,16.5,11418,22,10693,-6.3,13252,23.9,13194,-0.4,15657,18.7,19013,21.4,20255,6.5,18,2.9,(D),0.11,1.46,0.71,0.63,-0.03,0.44,0.11,0.01,0.09,0.04,0.01
Milwaukee-Waukesha-West Allis,WI,33340,65614,67177,2.4,69957,4.1,73381,4.9,77524,5.6,81662,5.3,83984,2.8,87675,4.4,85405,-2.6,86813,1.6,88475,1.9,88572,0.1,89052,0.5,254,0.07,0.11,-0.16,0,0.2,-0.04,0.01,0.15,0.19,0.14,0.01,-0.03,-0.12
Minneapolis-St. Paul-Bloomington,MN-WI,33460,148939,153960,3.4,162418,5.5,172403,6.1,182596,5.9,187099,2.5,193958,3.7,200417,3.3,192686,-3.9,198548,3,205117,3.3,208340,1.6,213466,2.5,121,(D),0.22,-0.01,0.57,(D),0.09,0.02,0.6,0.32,0.14,0.05,-0.02,-0.02
Missoula,MT,33540,3108,3343,7.6,3525,5.4,3667,4,3905,6.5,4138,6,4274,3.3,4423,3.5,4416,-0.2,4400,-0.4,4378,-0.5,4484,2.4,4323,-3.6,377,-0.02,-0.19,0.05,0.09,0.17,-0.33,0.19,-3.5,-0.61,0.47,0.3,-0.03,-0.17
Mobile,AL,33660,11002,11164,1.5,11735,5.1,12667,7.9,13651,7.8,14953,9.5,15621,4.5,16022,2.6,16321,1.9,16443,0.7,16519,0.5,16602,0.5,17085,2.9,98,1.85,-0.28,1.11,0.39,0.38,0.23,-0.03,-0.7,0.17,-0.08,0,0.03,-0.17
Modesto,CA,33700,10933,11965,9.4,12859,7.5,13995,8.8,14811,5.8,15309,3.4,15508,1.3,15483,-0.2,15374,-0.7,15606,1.5,15711,0.7,15781,0.4,16284,3.2,90,2.62,0.21,-0.13,0.25,(D),(D),0.09,-0.13,0.25,0.01,0.04,-0.24,-0.04
Monroe,LA,33740,4754,4808,1.1,4973,3.4,5312,6.8,5594,5.3,5977,6.8,6104,2.1,6146,0.7,6185,0.6,6391,3.3,6189,-3.2,6329,2.3,6439,1.7,172,-0.11,-0.08,0.09,1.28,0.94,-0.13,0.12,-0.41,0.47,(D),0.06,-0.12,-0.42
Monroe,MI,33780,3440,3762,9.4,3989,6,4040,1.3,4047,0.2,4141,2.3,4075,-1.6,4069,-0.1,3684,-9.5,3926,6.6,3957,0.8,4042,2.1,4264,5.5,27,-0.24,-0.33,2.15,0.26,(D),(D),0.04,0.19,1.19,0.38,-0.09,-0.17,-0.29
Montgomery,AL,33860,11188,11862,6,12499,5.4,13406,7.3,14152,5.6,14877,5.1,15053,1.2,15575,3.5,15109,-3,15289,1.2,15398,0.7,15449,0.3,15489,0.3,273,-0.05,-0.02,(D),(D),0.13,0.06,0.03,0.77,-0.17,0.03,0.03,-0.02,-0.45
Morgantown,WV,34060,3213,3484,8.4,3699,6.2,3951,6.8,4282,8.4,4665,8.9,4855,4.1,5572,14.8,5953,6.8,6340,6.5,6171,-2.7,6316,2.3,6589,4.3,46,1.69,-0.27,(D),(D),0.22,0.01,-0.06,0.58,0.52,0.43,0.04,0.03,-0.1
Morristown,TN,34100,2744,2759,0.5,2924,6,3116,6.6,3091,-0.8,3183,3,3231,1.5,3329,3,3074,-7.7,3309,7.6,3337,0.8,3457,3.6,3451,-0.2,305,(D),0.05,-1.27,0.34,-0.15,(D),0.06,0,0.03,-0.15,0.08,0.03,-0.11
Mount Vernon-Anacortes,WA,34580,3291,3992,21.3,4042,1.3,3914,-3.2,5663,44.7,4980,-12.1,5160,3.6,4794,-7.1,4928,2.8,4912,-0.3,4123,-16.1,4026,-2.4,4453,10.6,1,0.58,0.03,0.18,8.09,0.39,0.2,-0.04,0.64,0.37,0.07,0.08,-0.02,0.03
Muncie,IN,34620,3211,3232,0.7,3352,3.7,3295,-1.7,3282,-0.4,3388,3.2,3371,-0.5,3469,2.9,3252,-6.3,3324,2.2,3328,0.1,3453,3.8,3481,0.8,232,0.18,-0.23,0.16,0,-0.05,0.76,-0.01,-0.51,0.77,0.04,-0.01,-0.04,-0.25
Muskegon,MI,34740,4165,4201,0.9,4352,3.6,4537,4.3,4684,3.2,4808,2.6,4770,-0.8,4665,-2.2,4487,-3.8,4704,4.8,4812,2.3,4887,1.6,5010,2.5,117,0.16,-0.14,1.56,0.24,0.14,0.18,0.08,-0.06,0.39,0.27,-0.01,0.05,-0.35
Myrtle Beach-Conway-North Myrtle Beach,SC-NC,34820,9325,9809,5.2,10393,6,11052,6.3,12024,8.8,12716,5.8,13466,5.9,13863,2.9,13292,-4.1,13446,1.2,13842,2.9,14005,1.2,14221,1.5,185,0.04,0.24,-0.01,0.04,0.19,0.41,-0.06,0.53,0.28,-0.28,0.07,-0.01,0.09
Napa,CA,34900,5248,5637,7.4,5900,4.7,6216,5.4,6680,7.5,6952,4.1,7184,3.3,7588,5.6,7341,-3.3,7034,-4.2,7069,0.5,7217,2.1,7546,4.6,39,(D),0.79,(D),(D),1.06,(D),0.18,0.41,0.45,-0.11,0.56,0.02,-0.03
Naples-Immokalee-Marco Island,FL,34940,9932,10038,1.1,11053,10.1,12429,12.4,14195,14.2,14843,4.6,14902,0.4,13626,-8.6,12078,-11.4,12241,1.3,12256,0.1,12459,1.7,13326,7,13,0.76,0.68,0.19,0,0.79,-0.04,0.12,2.33,1.62,0.1,0.24,0.22,-0.05
Nashville-Davidson--Murfreesboro--Franklin,TN,34980,58227,61028,4.8,64506,5.7,69172,7.2,72162,4.3,76622,6.2,78257,2.1,84241,7.6,81602,-3.1,84572,3.6,88170,4.3,93360,5.9,95124,1.9,164,0.02,(D),0.03,0.07,(D),0.25,0.02,1,0.38,0.39,-0.06,-0.09,-0.12
New Bern,NC,35100,3124,3135,0.4,3345,6.7,3621,8.3,3891,7.5,4054,4.2,4281,5.6,4495,5,4661,3.7,4589,-1.5,4484,-2.3,4649,3.7,4639,-0.2,308,1.65,-0.22,(D),(D),0.26,-0.08,-0.11,(D),0.06,0.28,-0.04,(D),-1.14
New Haven-Milford,CT,35300,30730,32531,5.9,33822,4,36939,9.2,38115,3.2,40134,5.3,41553,3.5,43202,4,40921,-5.3,40899,-0.1,40397,-1.2,40830,1.1,41461,1.5,184,0.02,0.06,0.18,-0.03,0.05,0.4,-0.07,0.74,0.16,0.14,-0.01,-0.04,-0.04
New Orleans-Metairie,LA,35380,52386,52608,0.4,58597,11.4,64112,9.4,72910,13.7,71178,-2.4,70931,-0.3,67080,-5.4,69445,3.5,73312,5.6,68940,-6,69997,1.5,70665,1,222,-3.21,-0.15,-0.07,4.06,0.48,(D),-0.48,0.43,(D),-0.3,0.04,0.03,-0.37
New York-Newark-Jersey City,NY-NJ-PA,35620,974156,996145,2.3,1020032,2.4,1080439,5.9,1155301,6.9,1220668,5.7,1278230,4.7,1296414,1.4,1291817,-0.4,1322885,2.4,1336038,1,1364872,2.2,1377989,1,220,(D),0.08,0,0.03,(D),-0.03,0.2,0.01,(D),0.2,(D),0,-0.12
Niles-Benton Harbor,MI,35660,4616,4830,4.6,4857,0.6,4970,2.3,5070,2,5401,6.5,5702,5.6,5826,2.2,5586,-4.1,5932,6.2,5707,-3.8,5574,-2.3,5827,4.5,40,0.14,0.14,3.37,0.05,0.14,0.88,-0.03,-0.19,0.17,0.22,0.12,-0.17,-0.31
North Port-Sarasota-Bradenton,FL,35840,17112,18344,7.2,19523,6.4,21525,10.3,24167,12.3,25737,6.5,26053,1.2,25113,-3.6,23531,-6.3,23157,-1.6,23149,0,23321,0.7,24358,4.4,44,0.46,0.36,-0.01,0.12,0.95,0.18,-0.03,1.24,0.56,0.47,0.21,0,-0.06
Norwich-New London,CT,35980,10207,11310,10.8,12297,8.7,13858,12.7,14670,5.9,16188,10.3,16794,3.7,17982,7.1,16115,-10.4,15816,-1.9,14725,-6.9,14449,-1.9,14409,-0.3,310,0.12,-0.15,(D),(D),-0.11,0.12,-0.19,0.37,-0.33,0.14,-0.06,0,-0.27
Ocala,FL,36100,4818,5053,4.9,5565,10.1,6185,11.1,6921,11.9,7723,11.6,7886,2.1,7756,-1.6,6946,-10.4,6882,-0.9,6797,-1.2,6803,0.1,6960,2.3,134,0.05,0.32,0.18,0.03,0.96,-0.02,-1.11,0.48,1.02,0.5,0.07,-0.07,-0.1
Ocean City,NJ,36140,2924,3209,9.7,3509,9.3,3767,7.4,4048,7.5,3952,-2.4,3990,1,4263,6.8,4268,0.1,4238,-0.7,4295,1.3,4279,-0.4,4307,0.7,243,(D),0.3,(D),(D),0.25,0.05,0.01,-0.16,(D),0.11,-0.07,-0.16,-0.29
Odessa,TX,36220,3111,3115,0.1,3274,5.1,3485,6.4,4062,16.6,4811,18.4,5772,20,5908,2.4,5521,-6.6,5813,5.3,6902,18.7,8083,17.1,8494,5.1,32,(D),-0.7,-0.36,0.56,2.27,-0.02,-0.13,1.4,0.01,(D),0.14,0.32,0.05
Ogden-Clearfield,UT,36260,12766,13623,6.7,14399,5.7,15569,8.1,16654,7,18567,11.5,19613,5.6,19217,-2,19439,1.2,20214,4,20511,1.5,21315,3.9,22276,4.5,43,0.31,0.15,(D),(D),0.17,0.01,-0.08,1.6,0.57,0.26,0.09,0.07,-0.11
Oklahoma City,OK,36420,37653,38675,2.7,41748,7.9,45339,8.6,49445,9.1,54867,11,58083,5.9,58108,0,57578,-0.9,57856,0.5,60281,4.2,62780,4.1,65246,3.9,56,(D),0.04,(D),(D),(D),0.16,-0.29,-0.04,0.26,0.07,0.12,0.03,0.03
Olympia-Tumwater,WA,36500,6067,6315,4.1,6623,4.9,7016,5.9,7572,7.9,8175,8,8806,7.7,9284,5.4,9104,-1.9,9050,-0.6,8898,-1.7,8900,0,9146,2.8,105,0.14,0.63,0.01,0.05,0.6,0.17,0.02,0.06,0.46,0.42,0.08,0.04,0.09
Omaha-Council Bluffs,NE-IA,36540,32213,33996,5.5,36043,6,38432,6.6,40359,5,42990,6.5,44787,4.2,46638,4.1,46485,-0.3,47326,1.8,48338,2.1,50211,3.9,51122,1.8,167,0.08,0.3,(D),(D),(D),-0.44,0,0.78,0.79,0.03,-0.05,0,-0.05
Orlando-Kissimmee-Sanford,FL,36740,66978,71280,6.4,76547,7.4,83975,9.7,93749,11.6,100897,7.6,106012,5.1,105591,-0.4,99901,-5.4,100610,0.7,99751,-0.9,102050,2.3,103992,1.9,162,0.16,0.28,0.06,0.05,0.52,-0.07,0.07,0.32,0.27,0.2,0.1,0.03,-0.08
Oshkosh-Neenah,WI,36780,6043,6605,9.3,6604,0,6930,4.9,7167,3.4,7437,3.8,7673,3.2,7933,3.4,7534,-5,8271,9.8,8539,3.2,8650,1.3,8656,0.1,291,0.06,1,-2.22,-0.94,0.11,-0.01,-0.1,0.45,2.06,-0.14,0.08,-0.16,-0.15
Owensboro,KY,36980,3163,3369,6.5,3543,5.2,3631,2.5,3770,3.8,4178,10.8,4108,-1.7,4310,4.9,4353,1,4472,2.7,4551,1.8,4619,1.5,4834,4.7,35,1.69,0.12,(D),(D),(D),(D),0.01,0.88,0.24,-0.19,-0.13,(D),-0.02
Oxnard-Thousand Oaks-Ventura,CA,37100,26048,26792,2.9,29582,10.4,32458,9.7,34669,6.8,36744,6,38625,5.1,36743,-4.9,37157,1.1,38993,4.9,40501,3.9,41370,2.1,41737,0.9,227,-0.91,-0.02,(D),(D),-0.16,0.12,0.27,1.34,0.17,0.04,-0.03,0.15,-0.16
Palm Bay-Melbourne-Titusville,FL,37340,12446,13211,6.1,14259,7.9,16122,13.1,17363,7.7,18082,4.1,18993,5,19085,0.5,18347,-3.9,18333,-0.1,17464,-4.7,17373,-0.5,17398,0.1,281,0,0.17,0.01,0.07,0.69,-0.09,-0.09,0.47,-0.99,0.33,-0.08,-0.07,-0.29
Panama City,FL,37460,4387,4722,7.6,5167,9.4,5622,8.8,6311,12.3,6714,6.4,6940,3.4,7136,2.8,6950,-2.6,7054,1.5,6833,-3.1,6774,-0.9,6974,3,96,0.02,-0.11,(D),(D),0.96,0.07,-0.17,2.33,-0.37,0.77,-0.35,-0.12,-0.54
Parkersburg-Vienna,WV,37620,2696,2679,-0.6,2710,1.2,2839,4.8,2889,1.8,3129,8.3,3082,-1.5,3288,6.7,3369,2.5,3218,-4.5,3191,-0.8,3247,1.8,3217,-0.9,336,(D),-0.6,-0.25,-0.28,0.27,0.23,-0.13,0.18,(D),-0.25,-0.06,(D),-0.27
Pensacola-Ferry Pass-Brent,FL,37860,10203,10405,2,11011,5.8,12168,10.5,12818,5.3,13870,8.2,14219,2.5,14145,-0.5,13716,-3,14008,2.1,14125,0.8,14193,0.5,14208,0.1,283,0.39,-0.45,(D),(D),0.39,0.02,0.07,1.01,-0.37,-0.26,0.24,-0.12,-0.8
Peoria,IL,37900,11680,11878,1.7,12532,5.5,13859,10.6,15109,9,16533,9.4,17462,5.6,18673,6.9,17707,-5.2,17944,1.3,19778,10.2,20629,4.3,19220,-6.8,381,-0.03,-0.37,(D),(D),0.09,-0.61,-0.08,0.1,-0.94,0.03,0.05,-0.12,-0.04
Philadelphia-Camden-Wilmington,PA-NJ-DE-MD,37980,251372,260955,3.8,274688,5.3,289502,5.4,304050,5,319557,5.1,334334,4.6,349836,4.6,346536,-0.9,350533,1.2,352976,0.7,356698,1.1,358091,0.4,262,0.05,0.01,-0.07,-0.24,0.09,(D),0.03,0.3,(D),0.02,0.06,-0.01,-0.04
Phoenix-Mesa-Scottsdale,AZ,38060,129086,135359,4.9,144853,7,153751,6.1,170678,11,186728,9.4,196291,5.1,197379,0.6,179998,-8.8,181660,0.9,188001,3.5,194731,3.6,197079,1.2,205,0.03,0.06,-0.11,0.08,-0.41,-0.01,0.22,0.51,0.6,0.19,0.11,0.02,-0.09
Pine Bluff,AR,38220,2463,2501,1.5,2614,4.5,2800,7.1,2874,2.6,3041,5.8,3012,-1,3161,4.9,3049,-3.5,3125,2.5,3060,-2.1,3107,1.5,3005,-3.3,375,0.49,-1.66,(D),(D),(D),0.27,(D),-0.13,(D),0.1,(D),(D),-0.39
Pittsburgh,PA,38300,88750,91045,2.6,94576,3.9,99066,4.7,102812,3.8,107430,4.5,111611,3.9,114589,2.7,110886,-3.2,114802,3.5,117953,2.7,120719,2.3,122891,1.8,168,1.56,-0.16,0.06,0.16,-0.13,-0.1,0.02,-0.2,(D),(D),0.06,-0.02,0.01
Pittsfield,MA,38340,4387,4761,8.5,5013,5.3,5250,4.7,5412,3.1,5404,-0.1,5239,-3.1,5440,3.8,5397,-0.8,5183,-4,5402,4.2,5372,-0.6,5319,-1,337,0.03,-0.06,-0.07,-0.67,0.15,-0.05,-0.18,-0.49,0.04,0.12,0.22,-0.19,0.15
Pocatello,ID,38540,1755,1787,1.8,1938,8.4,2115,9.1,2259,6.8,2321,2.7,2435,4.9,2561,5.2,2367,-7.6,2371,0.2,2345,-1.1,2292,-2.3,2289,-0.1,302,(D),-0.22,-1.06,-0.18,0.29,-0.15,(D),0.51,0.01,0.38,0.04,-0.09,0.1
Portland-South Portland,ME,38860,18600,19443,4.5,20602,6,22137,7.5,22777,2.9,23787,4.4,24414,2.6,25560,4.7,25138,-1.7,25673,2.1,25556,-0.5,25726,0.7,25897,0.7,244,-0.03,-0.03,(D),-0.06,0.27,-0.2,-0.02,0.41,0.14,0.22,0.09,0.04,-0.29
Portland-Vancouver-Hillsboro,OR-WA,38900,81172,82768,2,86400,4.4,97063,12.3,101014,4.1,113271,12.1,120298,6.2,129674,7.8,131066,1.1,140717,7.4,148139,5.3,155059,4.7,159266,2.7,106,0.21,0.08,1.38,0.07,-1.2,(D),(D),0.24,1.72,0.2,0.05,-0.04,-0.02
Port St. Lucie,FL,38940,6924,7498,8.3,8118,8.3,9469,16.6,10913,15.2,11773,7.9,12335,4.8,11778,-4.5,11066,-6,11048,-0.2,10923,-1.1,10919,0,11046,1.2,209,0.16,0.16,0.24,0.14,-0.54,0.09,-0.93,0.77,0.16,0.41,0.57,0.01,-0.08
Prescott,AZ,39140,2892,3051,5.5,3327,9,3606,8.4,4178,15.9,4821,15.4,5101,5.8,5022,-1.5,4546,-9.5,4358,-4.1,4274,-1.9,4395,2.8,4490,2.2,144,-0.41,-0.02,0.62,0.16,0.34,-0.02,-0.11,0.87,0,0.66,0.25,0,-0.19
Providence-Warwick,RI-MA,39300,49920,52523,5.2,55714,6.1,59249,6.3,61292,3.4,64721,5.6,64789,0.1,66379,2.5,65377,-1.5,66800,2.2,67134,0.5,68096,1.4,68975,1.3,199,(D),(D),(D),(D),0.07,-0.02,-0.22,0.41,0.54,0.23,0.11,-0.08,0.02
Provo-Orem,UT,39340,8683,9249,6.5,10036,8.5,10960,9.2,12050,9.9,13639,13.2,15371,12.7,15402,0.2,15057,-2.2,15203,1,15681,3.1,16845,7.4,17918,6.4,19,0.17,0.58,0.8,2.16,1.58,-0.06,0.41,-0.48,0.72,0.19,0.07,0.09,0.14
Pueblo,CO,39380,3225,3250,0.8,3322,2.2,3624,9.1,3536,-2.4,3683,4.2,3902,5.9,4080,4.6,4124,1.1,4102,-0.5,4199,2.4,4311,2.7,4328,0.4,260,0.11,-0.95,0.51,-0.12,0.08,-0.28,0.09,0.76,-0.2,0.1,-0.03,-0.12,0.47
Punta Gorda,FL,39460,2515,2546,1.2,2752,8.1,3121,13.4,3433,10,3814,11.1,3675,-3.6,3449,-6.1,3148,-8.7,3093,-1.7,3078,-0.5,3124,1.5,3250,4,52,(D),0.65,-0.07,0.01,0.83,(D),-0.27,0.48,1.02,0.72,-0.16,0.12,-0.09
Racine,WI,39540,5839,5980,2.4,6169,3.2,6464,4.8,6466,0,6790,5,6824,0.5,6842,0.3,6553,-4.2,7119,8.6,6979,-2,7103,1.8,6988,-1.6,356,0.15,0.11,-0.57,-0.8,-0.03,-0.07,0.02,0.23,-0.05,-0.39,0.02,-0.12,-0.13
Raleigh,NC,39580,36507,37556,2.9,38915,3.6,41459,6.5,45579,9.9,49495,8.6,53944,9,56948,5.6,56230,-1.3,58938,4.8,59036,0.2,60260,2.1,62758,4.1,49,0.09,-0.02,2.34,0.29,0.41,-0.32,0.3,0.05,0.65,0.2,0.15,0.01,0
Rapid City,SD,39660,3455,4089,18.4,4126,0.9,4326,4.8,4494,3.9,4715,4.9,4985,5.7,5113,2.6,5119,0.1,5347,4.5,5517,3.2,5556,0.7,5610,1,215,0.15,-0.13,0.17,0.04,0.41,-0.08,0,0.41,0.07,0.3,0.15,-0.11,-0.39
Reading,PA,39740,11327,11724,3.5,12143,3.6,12677,4.4,13357,5.4,14709,10.1,14964,1.7,15021,0.4,14682,-2.3,14799,0.8,14860,0.4,14986,0.8,15238,1.7,176,0.3,-0.09,0.38,0.29,0.38,0.23,-0.02,0.53,-0.36,0.02,0,-0.03,0.06
Redding,CA,39820,3949,4461,13,4774,7,5045,5.7,5337,5.8,5491,2.9,5499,0.1,5330,-3.1,4974,-6.7,4963,-0.2,5007,0.9,4963,-0.9,4973,0.2,278,-0.23,-0.01,-0.18,0.03,0.54,-0.72,0.23,0.29,0.66,0.11,-0.05,-0.29,-0.15
Reno,NV,39900,14566,15284,4.9,16116,5.4,18072,12.1,19737,9.2,20766,5.2,22447,8.1,21758,-3.1,19223,-11.7,18978,-1.3,18899,-0.4,18816,-0.4,19021,1.1,212,-0.97,(D),0.17,0.32,0.39,0.19,-0.11,0.75,0.05,0.17,0.12,-0.1,-0.06
Richmond,VA,40060,46680,47027,0.7,47909,1.9,50672,5.8,54682,7.9,56462,3.3,58924,4.4,61611,4.6,60242,-2.2,61692,2.4,61659,-0.1,62571,1.5,64155,2.5,116,(D),0.04,(D),(D),0.48,(D),(D),1.65,(D),0.31,0.11,(D),-0.06
Riverside-San Bernardino-Ontario,CA,40140,79025,83669,5.9,90883,8.6,100209,10.3,110022,9.8,117393,6.7,118365,0.8,118661,0.3,110275,-7.1,112505,2,114901,2.1,115500,0.5,118693,2.8,104,-0.12,0.27,-0.18,0.1,0.82,0.43,0.21,1.02,0.19,0.35,-0.02,-0.12,-0.18
Roanoke,VA,40220,9897,10084,1.9,10419,3.3,10974,5.3,11574,5.5,12232,5.7,12717,4,13328,4.8,12986,-2.6,12842,-1.1,12738,-0.8,12840,0.8,13051,1.6,177,(D),(D),-0.2,(D),(D),(D),0.07,1.11,0.25,0.5,0.05,0,-0.03
Rochester,MN,40340,6731,7351,9.2,8115,10.4,8525,5.1,8613,1,8820,2.4,8957,1.6,9196,2.7,9076,-1.3,9692,6.8,9458,-2.4,9755,3.1,9974,2.2,141,0.34,0.15,(D),(D),0.25,0.02,-0.01,0.34,0.08,0.94,0.05,0.01,-0.02
Rochester,NY,40380,38095,39583,3.9,41050,3.7,42996,4.7,44669,3.9,46308,3.7,46015,-0.6,47871,4,47828,-0.1,48407,1.2,48023,-0.8,48427,0.8,48966,1.1,211,(D),-0.14,0.04,0.11,-0.17,(D),0.23,0.37,0.54,0,-0.01,-0.02,-0.15
Rockford,IL,40420,10302,10567,2.6,10795,2.2,11198,3.7,11710,4.6,12490,6.7,12882,3.1,12950,0.5,12056,-6.9,12526,3.9,12945,3.3,12993,0.4,13103,0.8,229,0.01,-0.04,(D),(D),(D),(D),-0.01,-0.34,0.04,0.28,-0.03,-0.02,-0.03
Rocky Mount,NC,40580,4695,4913,4.6,5083,3.5,5237,3,5420,3.5,5804,7.1,5779,-0.4,6301,9,6422,1.9,6302,-1.9,5936,-5.8,6056,2,6068,0.2,277,0.5,-0.29,-0.06,1.94,0.13,0.23,0.29,-0.95,-1.71,0.17,0,-0.05,0.01
Rome,GA,40660,2722,2780,2.1,2868,3.2,3105,8.3,3000,-3.4,3095,3.2,3125,1,3315,6.1,3206,-3.3,3218,0.4,3149,-2.1,3159,0.3,3202,1.4,196,0.02,0.16,0.02,0.37,2.23,-0.08,-0.31,0.35,-0.3,-0.63,-0.15,-0.1,-0.23
Sacramento--Roseville--Arden-Arcade,CA,40900,66851,72888,9,79950,9.7,85448,6.9,93048,8.9,97577,4.9,99136,1.6,99143,0,94714,-4.5,94606,-0.1,96294,1.8,98748,2.5,101402,2.7,107,(D),0.27,-0.13,-0.19,(D),0.23,0.14,1.73,0.14,(D),0.16,0,-0.1
Saginaw,MI,40980,6815,6887,1.1,7114,3.3,7085,-0.4,7215,1.8,7345,1.8,7129,-2.9,6805,-4.5,6530,-4,6932,6.2,7029,1.4,6973,-0.8,7143,2.4,124,0.77,-0.43,0.72,0.06,0.25,0.48,0.17,0.67,-0.23,0.5,-0.09,-0.06,-0.38
St. Cloud,MN,41060,5576,5870,5.3,6181,5.3,6775,9.6,7022,3.6,7219,2.8,7279,0.8,7545,3.7,7352,-2.6,7512,2.2,7602,1.2,7745,1.9,7939,2.5,119,0.84,-0.31,0.1,-0.84,0.66,-0.15,0.09,0.9,0.51,0.7,0.03,0.02,-0.05
St. George,UT,41100,1965,2122,8,2364,11.4,2644,11.8,3086,16.7,3596,16.5,3845,6.9,3831,-0.4,3551,-7.3,3462,-2.5,3607,4.2,3737,3.6,3958,5.9,24,(D),0.99,0.04,0.11,0.8,0.22,-0.03,2.43,(D),0.64,0.27,0.07,0.14
St. Joseph,MO-KS,41140,3151,3243,2.9,3368,3.9,3614,7.3,3688,2,4014,8.8,4321,7.6,4572,5.8,4667,2.1,4843,3.8,4788,-1.1,4866,1.6,4866,0,293,-0.14,-0.3,0.03,0.79,-0.16,0.16,-0.98,0.22,0.33,0.15,0.1,-0.17,-0.04
St. Louis,MO-IL,41180,103023,107108,4,111673,4.3,116462,4.3,121504,4.3,124636,2.6,128399,3,136285,6.1,132645,-2.7,133568,0.7,134034,0.3,136439,1.8,136519,0.1,290,(D),-0.01,0.34,-0.01,(D),0.02,(D),-0.29,0.33,0.11,0.03,0.02,-0.1
Salem,OR,41420,8920,9495,6.4,10050,5.8,10672,6.2,11019,3.3,11885,7.9,12220,2.8,13066,6.9,12700,-2.8,12281,-3.3,11939,-2.8,12113,1.5,12449,2.8,103,(D),0.33,0.08,0.04,(D),0.08,-0.06,-0.03,0.32,0.65,0.13,-0.03,0.09
Salinas,CA,41500,13839,14783,6.8,15754,6.6,15942,1.2,17040,6.9,18075,6.1,17966,-0.6,17545,-2.3,17770,1.3,17559,-1.2,17299,-1.5,17544,1.4,17886,1.9,158,0.95,0.11,-0.02,-0.04,0.16,0.23,0.26,0.63,-0.08,0.05,0.11,-0.03,-0.36
Salisbury,MD-DE,41540,8858,9023,1.9,9810,8.7,10956,11.7,11999,9.5,12942,7.9,13915,7.5,13868,-0.3,13341,-3.8,13265,-0.6,12789,-3.6,12813,0.2,13071,2,153,(D),0.26,(D),(D),0.41,(D),-0.09,-0.23,0.38,0.08,0.07,-0.04,0.04
Salt Lake City,UT,41620,42501,43734,2.9,44594,2,47776,7.1,52270,9.4,58559,12,64402,10,63288,-1.7,62167,-1.8,63090,1.5,65019,3.1,68967,6.1,70719,2.5,115,-0.16,-0.2,0.26,0.32,(D),(D),(D),0.73,0.45,0.29,0.09,(D),0.12
San Angelo,TX,41660,2730,2791,2.2,2978,6.7,3165,6.3,3302,4.3,3400,3,3515,3.4,3677,4.6,3615,-1.7,3718,2.8,3900,4.9,4038,3.5,4176,3.4,70,(D),-0.01,(D),1.35,0.75,0.12,(D),(D),0.41,(D),0.23,0.14,-0.3
San Antonio-New Braunfels,TX,41700,52886,54108,2.3,57567,6.4,61158,6.2,65571,7.2,71140,8.5,75481,6.1,78269,3.7,76837,-1.8,80101,4.2,83787,4.6,87024,3.9,89463,2.8,102,0.9,0.09,0.07,-0.02,(D),(D),0.08,0.28,0.23,0.23,0.13,-0.04,-0.22
San Diego-Carlsbad,CA,41740,122018,131368,7.7,139787,6.4,150347,7.6,160401,6.7,167881,4.7,174602,4,179721,2.9,173564,-3.4,173575,0,178520,2.8,182949,2.5,186108,1.7,173,0.06,0.04,0.02,-0.41,0.07,-0.02,0.3,1,0.99,0.05,0.11,-0.06,-0.43
San Francisco-Oakland-Hayward,CA,41860,247334,248365,0.4,258103,3.9,271808,5.3,296263,9,314824,6.3,333580,6,339613,1.8,327531,-3.6,326333,-0.4,328236,0.6,349088,6.4,356081,2,154,-0.4,0.18,(D),(D),0.19,0.22,0.84,0.1,-0.68,0.1,0.16,0.11,-0.06
San Jose-Sunnyvale-Santa Clara,CA,41940,126703,118273,-6.7,121718,2.9,128007,5.2,136787,6.9,146131,6.8,157098,7.5,159719,1.7,150478,-5.8,165435,9.9,178316,7.8,184112,3.3,192184,4.4,45,(D),0.08,(D),(D),(D),(D),2.31,-0.17,(D),0.19,0.16,-0.02,-0.04
San Luis Obispo-Paso Robles-Arroyo Grande,CA,42020,7184,8131,13.2,8846,8.8,9620,8.7,10401,8.1,10756,3.4,10988,2.2,10980,-0.1,10538,-4,10889,3.3,10963,0.7,11063,0.9,11482,3.8,63,0.45,0.06,-0.08,0.85,0.14,0.95,0.62,0.05,0.33,0.13,0.09,0.23,-0.05
Santa Cruz-Watsonville,CA,42100,9109,9095,-0.2,9217,1.3,9404,2,9698,3.1,10050,3.6,10035,-0.1,9766,-2.7,9371,-4,9282,-0.9,9285,0,9517,2.5,9948,4.5,41,(D),0.28,-0.01,0.75,0,(D),0.13,1.3,0.58,0.07,0.19,0.15,-0.05
Santa Fe,NM,42140,4939,5708,15.6,5543,-2.9,5730,3.4,6161,7.5,6671,8.3,6937,4,7152,3.1,6593,-7.8,6437,-2.4,6460,0.4,6415,-0.7,6618,3.2,91,0.13,0.21,0.06,0.01,-0.13,-0.01,1.17,1.97,-0.21,-0.02,-0.03,0.06,-0.04
Santa Maria-Santa Barbara,CA,42060,14402,15113,4.9,16100,6.5,17110,6.3,18682,9.2,19193,2.7,19677,2.5,19918,1.2,19792,-0.6,19836,0.2,20651,4.1,21396,3.6,21812,1.9,159,-0.11,-0.02,0,0.26,0.14,0.03,0.33,1.83,-0.73,-0.07,0.22,0.21,-0.17
Santa Rosa,CA,42220,16700,17485,4.7,17921,2.5,18561,3.6,19833,6.9,20298,2.3,20280,-0.1,20870,2.9,19545,-6.3,20057,2.6,20758,3.5,20499,-1.2,20621,0.6,251,0.08,0.39,0.32,0.1,0.41,0.22,0.33,-1.97,0.59,0.11,0.13,-0.04,-0.06
Savannah,GA,42340,9241,9453,2.3,9859,4.3,10717,8.7,11631,8.5,12710,9.3,13184,3.7,13450,2,13148,-2.2,13291,1.1,13312,0.2,13574,2,13769,1.4,190,(D),0.02,(D),(D),0.88,(D),-0.08,0.12,0.29,0.16,0.13,0.5,-0.59
Scranton--Wilkes-Barre--Hazleton,PA,42540,15648,15722,0.5,16356,4,17392,6.3,18077,3.9,18791,3.9,19520,3.9,19820,1.5,19385,-2.2,20000,3.2,20016,0.1,20029,0.1,20041,0.1,289,-0.12,-0.1,(D),(D),0.38,0.34,-0.86,0.18,0.3,-0.31,0.09,-0.08,0.02
Seattle-Tacoma-Bellevue,WA,42660,166438,170918,2.7,176405,3.2,183757,4.2,199989,8.8,214739,7.4,235403,9.6,247399,5.1,240074,-3,246268,2.6,251355,2.1,263242,4.7,269679,2.4,122,-0.01,0.15,0.67,0.08,0.65,-0.01,-0.19,0.55,0.27,0.14,0.14,0.11,-0.11
Sebastian-Vero Beach,FL,42680,2754,2917,5.9,3286,12.6,3840,16.9,4133,7.6,4354,5.3,4647,6.7,4554,-2,4192,-7.9,3979,-5.1,3897,-2.1,4010,2.9,3966,-1.1,341,-0.22,0.23,0.11,0.05,-0.82,-0.15,-0.09,-0.23,-0.57,0.17,0.35,0.15,-0.07
Sebring,FL,42700,1274,1383,8.6,1504,8.7,1665,10.7,1762,5.8,1945,10.4,1962,0.9,1829,-6.8,1791,-2.1,1795,0.2,1738,-3.2,1749,0.6,1745,-0.2,307,0.49,0.07,-0.07,-0.05,-0.31,-0.16,0.02,-0.4,-0.11,0.47,0.08,-0.16,-0.09
Sheboygan,WI,43100,4122,4302,4.4,4481,4.2,4801,7.1,4939,2.9,5160,4.5,5311,2.9,5777,8.8,5505,-4.7,5400,-1.9,5401,0,5510,2,5698,3.4,71,0.44,0.15,1.24,0.89,0.14,0.12,0.02,0.22,0.27,0.11,-0.01,-0.1,-0.09
Sherman-Denison,TX,43300,2491,2558,2.7,2676,4.6,2872,7.3,2992,4.2,3204,7.1,3234,0.9,3329,2.9,3270,-1.8,3372,3.1,3450,2.3,3507,1.7,3670,4.6,36,-0.53,1.62,1.26,0.29,0.79,-0.15,0.03,0.27,0.56,0.35,-0.04,0.16,0.05
Shreveport-Bossier City,LA,43340,13395,13469,0.6,15030,11.6,16748,11.4,18653,11.4,20415,9.4,20104,-1.5,19792,-1.6,19845,0.3,21193,6.8,22010,3.9,22070,0.3,20887,-5.4,380,(D),-0.23,-0.4,1.37,0.25,-0.39,-0.05,-0.01,-0.03,-0.33,0.08,-0.1,-0.6
Sierra Vista-Douglas,AZ,43420,2531,2593,2.4,2786,7.4,3006,7.9,3328,10.7,3538,6.3,3804,7.5,3946,3.7,4060,2.9,4158,2.4,4127,-0.7,3967,-3.9,3916,-1.3,348,(D),-0.42,(D),(D),0.12,-0.1,-0.04,(D),-0.12,-0.6,-0.04,-0.05,-1.47
Sioux City,IA-NE-SD,43580,5535,5864,5.9,5853,-0.2,6192,5.8,6283,1.5,6563,4.5,6902,5.2,7464,8.1,7492,0.4,7755,3.5,7585,-2.2,7604,0.3,7950,4.6,38,(D),0.8,0.22,(D),0.4,0.4,-0.04,0.32,-0.16,0.13,(D),0,0.04
Sioux Falls,SD,43620,9091,10642,17.1,11256,5.8,11863,5.4,12657,6.7,13054,3.1,13734,5.2,14135,2.9,14426,2.1,14653,1.6,15288,4.3,15654,2.4,16046,2.5,118,(D),0.18,0.17,-0.17,0.22,(D),-0.15,1.26,-0.01,0.55,0.05,0.04,-0.04
South Bend-Mishawaka,IN-MI,43780,9288,9805,5.6,10466,6.7,11154,6.6,11306,1.4,11728,3.7,12114,3.3,12720,5,11807,-7.2,12317,4.3,12596,2.3,12758,1.3,12407,-2.8,369,0.28,0.02,-1.32,-2.28,-0.17,0.04,0.14,-0.16,0.48,0.43,-0.02,-0.04,-0.14
Spartanburg,SC,43900,8781,9203,4.8,9548,3.7,9642,1,9996,3.7,10612,6.2,11029,3.9,11719,6.3,10645,-9.2,11322,6.4,11955,5.6,12136,1.5,12193,0.5,258,0,-0.11,-1.96,0.36,0.79,1.16,0.26,0.14,-0.11,-0.45,0.15,0.05,0.18
Spokane-Spokane Valley,WA,44060,13669,13939,2,14585,4.6,15391,5.5,16637,8.1,17858,7.3,18910,5.9,19710,4.2,19206,-2.6,19243,0.2,19406,0.8,19688,1.5,20033,1.8,171,0.12,0.03,(D),(D),-0.15,0.67,0,0.66,0.48,0.19,0.06,-0.19,-0.11
Springfield,IL,44100,7550,7601,0.7,7590,-0.1,7761,2.3,7946,2.4,8204,3.2,8466,3.2,8642,2.1,8824,2.1,8789,-0.4,8801,0.1,8785,-0.2,8714,-0.8,329,(D),0.15,(D),(D),-0.27,0.09,-0.03,0.16,-0.43,(D),0.04,-0.07,-0.08
Springfield,MA,44140,16944,17355,2.4,18092,4.2,18890,4.4,19643,4,20346,3.6,21140,3.9,22388,5.9,21840,-2.4,22065,1,22145,0.4,22749,2.7,22895,0.6,245,0.02,-0.28,0.05,-0.12,0.16,-0.01,-0.14,0.77,0.02,0.55,0.05,-0.69,0.24
Springfield,MO,44180,10844,10944,0.9,11841,8.2,12653,6.9,13601,7.5,14156,4.1,14554,2.8,15215,4.5,15109,-0.7,15451,2.3,15452,0,15692,1.6,15702,0.1,288,(D),-0.2,(D),(D),0.55,(D),-0.01,-1.37,0.43,0.2,0,0.06,-0.06
Springfield,OH,44220,3475,3409,-1.9,3358,-1.5,3520,4.8,3580,1.7,3740,4.5,3674,-1.8,3771,2.6,3530,-6.4,3550,0.6,3679,3.6,3763,2.3,3768,0.1,282,(D),0.19,-1.48,0.3,-1.01,0.14,-0.06,1.22,0.68,-0.12,0.06,0.13,-0.18
State College,PA,44300,4237,4443,4.9,4615,3.9,4972,7.7,5343,7.5,5635,5.5,5957,5.7,6278,5.4,6351,1.2,6480,2,6629,2.3,6703,1.1,6880,2.6,111,-1.04,-0.04,-0.08,-0.1,0.2,-0.1,0.07,3.02,0.08,0.28,0.11,-0.07,0.3
Staunton-Waynesboro,VA,44420,3469,3387,-2.4,3534,4.3,3744,5.9,4039,7.9,4094,1.4,4022,-1.8,4322,7.5,4220,-2.4,4415,4.6,4342,-1.7,4376,0.8,4391,0.3,269,(D),(D),-0.17,0.18,0.01,0.06,0.07,0.11,-0.02,0.01,-0.03,-0.06,0.09
Stockton-Lodi,CA,44700,13962,15221,9,16535,8.6,17767,7.5,18835,6,19676,4.5,20496,4.2,20444,-0.3,19997,-2.2,19977,-0.1,20176,1,20223,0.2,20603,1.9,165,1.1,0.27,-0.02,-0.04,0.69,0.31,0,-0.48,0.15,-0.04,0.08,-0.03,-0.1
Sumter,SC,44940,2326,2435,4.7,2554,4.9,2696,5.6,2825,4.8,2954,4.6,3024,2.4,3069,1.5,2976,-3,2983,0.2,3101,4,3342,7.8,3257,-2.5,364,-0.4,-0.27,-0.5,0.71,-0.08,-0.36,-0.08,-0.03,-0.57,-0.39,0.04,0.05,-0.67
Syracuse,NY,45060,21225,21932,3.3,22606,3.1,23869,5.6,24907,4.3,25850,3.8,26803,3.7,27858,3.9,27644,-0.8,28426,2.8,28146,-1,28505,1.3,28370,-0.5,316,0.25,-0.13,-0.69,0.07,0.2,0.21,0.14,-0.37,-0.01,0.12,0.01,-0.08,-0.19
Tallahassee,FL,45220,10025,10410,3.8,10851,4.2,11487,5.9,11976,4.3,12574,5,13487,7.3,13793,2.3,13293,-3.6,13191,-0.8,12860,-2.5,12748,-0.9,12893,1.1,210,-0.24,0.08,-0.08,-0.04,0.69,(D),0.21,(D),0.08,-0.24,0.07,(D),-0.15
Tampa-St. Petersburg-Clearwater,FL,45300,78835,84114,6.7,89663,6.6,96800,8,104651,8.1,111541,6.6,115243,3.3,114648,-0.5,109837,-4.2,108949,-0.8,109171,0.2,112618,3.2,115263,2.3,132,0.12,0.09,0.1,-0.1,0.44,0.1,0.08,1.19,0.21,0.19,0.1,-0.03,-0.16
Terre Haute,IN,45460,4292,4489,4.6,4841,7.8,5124,5.8,5166,0.8,5435,5.2,5889,8.4,6250,6.1,5822,-6.8,6205,6.6,6096,-1.8,6137,0.7,6025,-1.8,357,-0.53,-0.4,(D),(D),0.19,-0.04,0,0.59,0.13,0.41,-0.06,0.06,-0.22
Texarkana,TX-AR,45500,3358,3505,4.4,3721,6.2,4031,8.3,4246,5.3,4511,6.2,4681,3.8,4913,5,4811,-2.1,4901,1.9,4863,-0.8,4896,0.7,4765,-2.7,367,0.49,-0.54,(D),(D),(D),(D),-0.57,-0.19,-0.22,0.01,-0.01,-0.13,-0.27
The Villages,FL,45540,694,701,1,855,22,965,12.9,1202,24.6,1384,15.1,1523,10,1544,1.4,1602,3.8,1764,10.1,1840,4.3,1844,0.2,2006,8.8,5,0.43,2.36,0.39,0.2,(D),(D),0.12,2.57,0.76,1.73,-1.56,0.35,-0.44
Toledo,OH,45780,22220,22984,3.4,23721,3.2,24594,3.7,25471,3.6,26303,3.3,26472,0.6,26052,-1.6,25821,-0.9,26094,1.1,26995,3.5,27611,2.3,28252,2.3,133,0.22,-0.63,0.32,2.96,0.03,-0.16,0.03,-0.5,-0.01,0.2,0.01,0,-0.13
Topeka,KS,45820,7237,7358,1.7,7470,1.5,7738,3.6,7932,2.5,8088,2,8565,5.9,9147,6.8,9062,-0.9,8962,-1.1,9182,2.5,9143,-0.4,9050,-1,339,(D),0.13,-0.03,-0.18,-0.6,(D),(D),(D),-0.01,-0.05,0,-0.03,-0.16
Trenton,NJ,45940,17331,18020,4,19796,9.9,20880,5.5,22179,6.2,23756,7.1,24306,2.3,25410,4.5,24802,-2.4,25752,3.8,25792,0.2,26993,4.7,27558,2.1,150,0.01,-0.05,-0.23,0.79,0.2,0.03,-0.37,0.33,1.49,0.12,0.06,-0.07,-0.19
Tucson,AZ,46060,23084,23412,1.4,25320,8.1,26475,4.6,28970,9.4,31260,7.9,33708,7.8,34792,3.2,32401,-6.9,32586,0.6,32419,-0.5,33247,2.6,33355,0.3,270,-0.03,0.21,0.12,0.03,0.48,-0.31,0.03,0.33,0.07,-0.15,-0.11,-0.01,-0.33
Tulsa,OK,46140,31330,31688,1.1,32837,3.6,35325,7.6,39976,13.2,44075,10.3,46563,5.6,48103,3.3,46117,-4.1,45404,-1.5,47244,4.1,47940,1.5,49616,3.5,68,(D),0.46,0.1,0.89,0.2,(D),0.28,-1.48,0.2,0.36,0.01,(D),0.09
Tuscaloosa,AL,46220,5420,5677,4.7,6250,10.1,6912,10.6,7639,10.5,7942,4,8557,7.7,8713,1.8,8710,0,9062,4,9274,2.3,9404,1.4,9437,0.4,267,-2.03,-0.21,-0.77,2.2,0.04,0.22,0.08,0.71,0.1,0.1,0.05,0.02,-0.17
Tyler,TX,46340,5655,5715,1.1,6126,7.2,6788,10.8,7376,8.7,7855,6.5,8234,4.8,8168,-0.8,8454,3.5,8666,2.5,9069,4.7,9635,6.2,9822,1.9,160,0.84,0.2,-0.57,0.46,0.63,0.2,-0.57,0.45,-0.07,0.41,0,-0.06,0.03
Urban Honolulu,HI,26180,32311,34121,5.6,36561,7.2,40181,9.9,43423,8.1,45804,5.5,48308,5.5,50728,5,49410,-2.6,51307,3.8,52053,1.5,52974,1.8,54011,2,156,0.05,0.03,0,0.27,0.21,0.42,0.06,0.68,0.09,0.09,0.37,-0.02,-0.28
Utica-Rome,NY,46540,7115,7358,3.4,7588,3.1,8093,6.7,8444,4.3,8776,3.9,9025,2.8,9306,3.1,9334,0.3,9570,2.5,9504,-0.7,9454,-0.5,9517,0.7,241,0.22,-0.15,0.22,0.09,(D),(D),0.04,0.38,-0.03,-0.02,0.02,-0.08,-0.31
Valdosta,GA,46660,3115,3063,-1.7,3294,7.5,3400,3.2,3597,5.8,3791,5.4,3953,4.3,4357,10.2,4413,1.3,4308,-2.4,4247,-1.4,4276,0.7,4316,0.9,221,0.57,-0.44,0.01,0.2,(D),(D),(D),0.54,0.56,0.34,-0.03,-0.02,-1.05
Vallejo-Fairfield,CA,46700,9809,10251,4.5,11430,11.5,12255,7.2,13489,10.1,14081,4.4,14701,4.4,15361,4.5,15311,-0.3,14656,-4.3,14021,-4.3,14077,0.4,14618,3.8,59,0.5,-0.01,0.38,2.26,0.37,-0.2,0.12,0.37,-0.03,0.46,0.14,-0.14,-0.37
Victoria,TX,47020,2402,2478,3.2,2669,7.7,2894,8.4,3199,10.5,3692,15.4,3786,2.5,4026,6.3,3724,-7.5,3977,6.8,4122,3.6,4579,11.1,4843,5.8,25,0.83,0.3,(D),(D),1.74,0.61,-0.04,2.17,-0.2,0.03,0.2,-0.07,0.05
Vineland-Bridgeton,NJ,47220,3734,3830,2.6,4083,6.6,4384,7.4,4667,6.5,4865,4.2,4985,2.5,5388,8.1,5300,-1.6,5240,-1.1,5131,-2.1,5166,0.7,5136,-0.6,320,0.27,-0.37,-1.31,0.28,0.67,-0.04,-0.14,-0.02,0.31,0.29,-0.08,-0.15,-0.28
Virginia Beach-Norfolk-Newport News,VA-NC,47260,53354,56660,6.2,60947,7.6,65136,6.9,69876,7.3,74273,6.3,78235,5.3,80849,3.3,80961,0.1,81322,0.4,81693,0.5,83014,1.6,83162,0.2,280,(D),-0.1,0.17,0.06,(D),0.07,0,-0.06,0.33,0.3,0.03,-0.03,-0.59
Visalia-Porterville,CA,47300,7617,7785,2.2,8527,9.5,9828,15.3,10475,6.6,10831,3.4,11790,8.9,11555,-2,11407,-1.3,11430,0.2,11789,3.1,11507,-2.4,12126,5.4,28,3.65,0.04,-0.01,0.61,0.72,0.31,0.35,0.22,-0.35,-0.22,-0.03,0.14,-0.06
Waco,TX,47380,5653,5853,3.5,6339,8.3,6820,7.6,7244,6.2,7647,5.6,7924,3.6,8401,6,8432,0.4,8928,5.9,8771,-1.8,9090,3.6,9257,1.8,166,(D),-0.01,(D),(D),0.42,(D),-0.04,-0.52,0.15,0.21,0.06,-0.49,-0.02
Walla Walla,WA,47460,1594,1604,0.6,1737,8.3,1775,2.2,1819,2.5,1976,8.6,2143,8.5,2336,9,2346,0.4,2370,1,2311,-2.5,2269,-1.8,2303,1.5,187,1.73,-0.03,(D),(D),-0.33,0.09,-0.12,0.2,0.23,0.4,-0.08,-0.41,-0.15
Warner Robins,GA,47580,4099,4422,7.9,4685,5.9,4899,4.6,5248,7.1,5514,5.1,5778,4.8,6013,4.1,6143,2.2,6324,2.9,6392,1.1,6333,-0.9,6282,-0.8,326,0.18,-0.03,0.68,(D),(D),(D),-0.11,-0.4,0.17,0.2,0.07,-0.02,-2.05
Washington-Arlington-Alexandria,DC-VA-MD-WV,47900,271767,287955,6,306298,6.4,333872,9,358925,7.5,376534,4.9,395800,5.1,417693,5.5,417664,0,430784,3.1,438054,1.7,440687,0.6,437085,-0.8,330,(D),-0.11,0,0.02,(D),-0.04,(D),(D),-0.27,0.11,0.06,-0.03,-0.41
Waterloo-Cedar Falls,IA,47940,5227,5638,7.9,5729,1.6,6543,14.2,6891,5.3,7050,2.3,7474,6,7954,6.4,7714,-3,7811,1.3,7587,-2.9,7861,3.6,8093,3,97,0.81,-0.24,(D),(D),0.41,(D),0.09,1.33,-0.04,0.16,-0.02,0.07,0.07
Watertown-Fort Drum,NY,48060,3443,3483,1.2,3629,4.2,3934,8.4,4472,13.7,5026,12.4,5245,4.4,5619,7.1,5853,4.2,6172,5.5,6345,2.8,6237,-1.7,6076,-2.6,366,0.38,-0.67,0.07,0.08,0.12,-0.03,0.05,-0.44,0.05,0.11,-0.07,-0.27,-1.98
Wausau,WI,48140,4469,4486,0.4,4828,7.6,5106,5.8,5413,6,5584,3.2,5771,3.3,5899,2.2,5605,-5,5711,1.9,5799,1.5,5864,1.1,6033,2.9,100,0.75,0.37,-0.24,0.25,0.56,0.08,0,1.08,0.27,-0.01,0,-0.07,-0.12
Weirton-Steubenville,WV-OH,44600,2961,3139,6,3115,-0.8,3257,4.6,3506,7.6,3435,-2,3630,5.7,3764,3.7,3487,-7.4,3362,-3.6,3280,-2.4,3470,5.8,3421,-1.4,352,-0.15,0.23,(D),(D),(D),(D),-0.29,0.26,-0.15,0.1,-0.05,0,-0.09
Wenatchee,WA,48300,2439,2648,8.6,2862,8.1,3053,6.7,3172,3.9,3374,6.4,3486,3.3,3658,4.9,3645,-0.4,3498,-4,3462,-1,3578,3.4,3799,6.2,21,2.27,0.57,(D),(D),0.53,-0.05,0.23,1.18,0.33,0.76,0.08,-0.15,-0.03
Wheeling,WV-OH,48540,3586,3743,4.4,3941,5.3,4204,6.7,4511,7.3,4773,5.8,4941,3.5,5480,10.9,5587,2,5645,1,5634,-0.2,5654,0.4,6161,9,4,8.5,(D),(D),(D),0.47,(D),-0.01,-0.85,0.84,0.1,0.03,0.05,-0.08
Wichita,KS,48620,21119,21198,0.4,21450,1.2,21835,1.8,23133,5.9,26364,14,28894,9.6,29090,0.7,26548,-8.7,27399,3.2,28353,3.5,28967,2.2,29174,0.7,238,(D),-0.07,(D),(D),(D),-0.09,(D),-0.27,0.14,-0.06,0.05,(D),-0.13
Wichita Falls,TX,48660,4082,4231,3.7,4540,7.3,4763,4.9,5069,6.4,5506,8.6,5803,5.4,5978,3,5556,-7.1,5484,-1.3,5558,1.3,5956,7.2,6265,5.2,30,1.88,-0.07,-0.14,2.98,0.01,0.05,(D),0.4,(D),0.48,-0.02,-0.06,-0.29
Williamsport,PA,48700,3087,3083,-0.1,3145,2,3319,5.5,3440,3.6,3560,3.5,3621,1.7,3707,2.4,3650,-1.5,3852,5.5,4200,9,4450,6,4617,3.8,65,1.57,-0.97,-0.79,0.26,0.3,-0.15,-0.08,3.49,-0.06,0.04,-0.01,0.07,0.08
Wilmington,NC,48900,7133,7142,0.1,7409,3.7,7859,6.1,8704,10.8,9306,6.9,10049,8,10775,7.2,10763,-0.1,10969,1.9,11230,2.4,11178,-0.5,11501,2.9,99,0.11,0.28,0.29,-0.39,0.46,0.11,0.15,1.34,0.18,0.15,0.1,0.11,0
Winchester,VA-WV,49020,3460,3529,2,3786,7.3,4043,6.8,4434,9.7,4689,5.8,4648,-0.9,4775,2.7,4808,0.7,5119,6.5,5177,1.1,5227,1,5182,-0.9,334,(D),-0.2,-0.15,-0.24,0.05,(D),-0.03,0.09,-0.06,0,-0.06,-0.06,-0.09
Winston-Salem,NC,49180,21237,20960,-1.3,22168,5.8,23191,4.6,24061,3.8,24930,3.6,24630,-1.2,25629,4.1,24732,-3.5,25604,3.5,25260,-1.3,25151,-0.4,25382,0.9,224,0.33,-0.14,0.61,-0.19,(D),(D),(D),(D),0.05,0.8,0,-0.03,-0.01
Worcester,MA-CT,49340,26604,27058,1.7,28576,5.6,29381,2.8,30331,3.2,31640,4.3,32556,2.9,34098,4.7,32646,-4.3,33749,3.4,33963,0.6,34148,0.5,35022,2.6,114,0.03,0.12,0.13,-0.05,0.98,0.3,0.16,0.26,-0.06,0.58,0.05,-0.11,0.17
Yakima,WA,49420,5074,5312,4.7,5671,6.8,6026,6.3,6373,5.8,6604,3.6,7051,6.8,7340,4.1,7296,-0.6,7334,0.5,7212,-1.7,7416,2.8,7760,4.6,37,3.91,0.15,0.11,0.44,0.99,0.01,0,-0.14,-0.22,0.14,-0.1,-0.63,-0.01
York-Hanover,PA,49620,10904,11046,1.3,11889,7.6,12646,6.4,13875,9.7,14430,4,15025,4.1,16366,8.9,15735,-3.9,16149,2.6,15926,-1.4,15692,-1.5,15827,0.9,228,-0.01,-0.09,-0.19,0.04,0.54,-0.04,-0.09,0.54,0.36,-0.19,0.04,-0.04,-0.02
Youngstown-Warren-Boardman,OH-PA,49660,15241,15837,3.9,16152,2,17045,5.5,17833,4.6,18459,3.5,18441,-0.1,17761,-3.7,16158,-9,16804,4,17931,6.7,18053,0.7,17590,-2.6,365,0.32,-0.05,-0.63,-1.49,0.16,-0.14,-0.12,-0.45,0.16,-0.23,0.03,-0.02,-0.11
Yuba City,CA,49700,3146,3453,9.8,3808,10.3,4071,6.9,4244,4.2,4503,6.1,4607,2.3,4726,2.6,4835,2.3,4659,-3.6,4648,-0.2,4727,1.7,4782,1.2,208,2.31,0.14,-0.01,0.17,(D),(D),0.16,-0.24,0.28,0.12,-0.02,-0.53,-0.56
Yuma,AZ,49740,3108,3506,12.8,3679,4.9,4228,14.9,4489,6.2,4850,8,5315,9.6,5180,-2.5,5271,1.8,5204,-1.3,5093,-2.1,5030,-1.2,4976,-1.1,340,-1.73,-0.42,0.21,0.03,0.69,0.08,0.08,1.3,-0.45,-0.02,-0.07,-0.04,-0.74
