City,State,CBSA code,2001,2002,2003,2004,2005,2006,2007,2008 millions,2009 millions,2010 millions,2011 millions,2012 millions,2013 millions,2009 percent change,2010 percent change,2011 percent change,2012 percent change,2013 percent change,percent change rank 2013
Abilene,TX,10180,3574,3754,4020,4273,4514,4885,5295,5491,5239,5272,5427,5771,5924,-4.6,0.6,3,6.3,2.6,109
Akron,OH,10420,21646,22742,23744,25217,26649,27418,28177,29620,27761,28438,28825,29709,29662,-6.3,2.4,1.4,3.1,-0.2,303
Albany,GA,10500,4317,4346,4492,4620,4800,4808,4863,4917,4957,4868,4753,4813,4857,0.8,-1.8,-2.4,1.3,0.9,225
Albany,OR,10540,2366,2492,2492,2844,2944,3207,3173,3153,3064,2974,3017,3114,3130,-2.8,-3,1.4,3.2,0.5,256
Albany-Schenectady-Troy,NY,10580,30669,31631,33480,35672,37027,38609,39209,41478,42454,42470,42469,43146,43562,2.4,0,0,1.6,1,218
Albuquerque,NM,10740,28812,29179,31557,35255,35794,36760,36690,37925,38110,38386,39069,39669,39618,0.5,0.7,1.8,1.5,-0.1,301
Alexandria,LA,10780,3380,3559,3684,4066,4352,4823,5076,5358,5307,5404,5004,5022,4995,-0.9,1.8,-7.4,0.4,-0.5,319
Allentown-Bethlehem-Easton,PA-NJ,10900,23857,24717,24699,25788,27204,28631,29874,31200,30082,31142,31447,31979,32416,-3.6,3.5,1,1.7,1.4,192
Altoona,PA,11020,3295,3333,3468,3638,3832,3992,4197,4357,4334,4353,4327,4393,4449,-0.5,0.4,-0.6,1.5,1.3,200
Amarillo,TX,11100,6405,6640,7076,7561,8027,8728,9232,9737,9742,9932,9937,10219,10546,0.1,1.9,0.1,2.8,3.2,86
Ames,IA,11180,2702,2778,3010,3251,3370,3742,3876,4676,4246,4541,4327,4504,4648,-9.2,6.9,-4.7,4.1,3.2,85
Anchorage,AK,11260,15496,16111,17396,19307,22010,23786,25687,24167,26771,26379,26967,28393,27487,10.8,-1.5,2.2,5.3,-3.2,374
Ann Arbor,MI,11460,15947,17166,17818,18051,18565,18764,19585,19624,18573,19213,18961,19260,19389,-5.4,3.4,-1.3,1.6,0.7,242
Anniston-Oxford-Jacksonville,AL,11500,2522,2674,2862,3188,3403,3558,3788,3962,3743,3777,3707,3625,3518,-5.5,0.9,-1.9,-2.2,-3,371
Appleton,WI,11540,7602,7639,8117,8695,9091,9414,9868,10054,10035,10042,10187,10267,10393,-0.2,0.1,1.4,0.8,1.2,202
Asheville,NC,11700,9741,10224,10657,11422,12126,13037,13471,14271,14334,14219,14085,14353,14787,0.4,-0.8,-0.9,1.9,3,94
Athens-Clarke County,GA,12020,4755,4853,5117,5385,5730,5945,6210,6685,6615,6663,6652,6777,6792,-1,0.7,-0.2,1.9,0.2,275
Atlanta-Sandy Springs-Roswell,GA,12060,214894,220459,226723,237610,254175,267250,280130,283754,272865,274941,278326,282468,288175,-3.8,0.8,1.2,1.5,2,151
Atlantic City-Hammonton,NJ,12100,10709,11310,11910,12363,13269,13892,13845,13827,13015,13042,12782,12868,12760,-5.9,0.2,-2,0.7,-0.8,331
Auburn-Opelika,AL,12220,2306,2455,2597,2893,3123,3346,3489,3775,3692,3843,4040,4152,4293,-2.2,4.1,5.1,2.8,3.4,73
Augusta-Richmond County,GA-SC,12260,14847,15120,15812,16309,17033,17424,17880,18783,18780,19352,19634,19740,19497,0,3,1.5,0.5,-1.2,347
Austin-Round Rock,TX,12420,53899,54563,57593,62795,68305,75136,78207,83520,81743,86546,90380,96035,98126,-2.1,5.9,4.4,6.3,2.2,142
Bakersfield,CA,12540,16884,18362,19929,22220,25107,27929,30877,29235,30667,31151,30698,33018,33408,4.9,1.6,-1.5,7.6,1.2,207
Baltimore-Columbia-Towson,MD,12580,103108,108347,112983,121918,129441,136561,142126,147471,146943,151820,154195,157268,158746,-0.4,3.3,1.6,2,0.9,223
Bangor,ME,12620,4174,4379,4480,4788,4939,5171,5305,5441,5349,5298,5247,5291,5295,-1.7,-0.9,-1,0.8,0.1,286
Barnstable Town,MA,12700,7356,8168,8247,8499,8759,8751,8679,8891,8772,8902,9163,9333,9431,-1.3,1.5,2.9,1.9,1,214
Baton Rouge,LA,12940,23209,25186,28231,31213,38170,39153,39312,39887,40337,43095,42055,42959,45769,1.1,6.8,-2.4,2.2,6.5,17
Battle Creek,MI,12980,4177,4575,4697,4806,4921,4837,4841,5172,4882,5300,5097,5200,5270,-5.6,8.6,-3.8,2,1.4,194
Bay City,MI,13020,2541,2665,2706,2718,2769,2839,2838,2979,2917,2966,2931,2975,3043,-2.1,1.7,-1.2,1.5,2.3,136
Beaumont-Port Arthur,TX,13140,10801,11480,12535,14686,15293,16858,18848,16802,18156,19207,18355,18918,20283,8.1,5.8,-4.4,3.1,7.2,10
Beckley,WV,13220,2730,2823,2840,3029,3340,3589,3648,4017,3830,4123,4340,4199,4594,-4.7,7.6,5.2,-3.2,9.4,3
Bellingham,WA,13380,4851,5491,5965,6182,8006,7616,8280,8056,8442,8727,7862,7987,8671,4.8,3.4,-9.9,1.6,8.6,6
Bend-Redmond,OR,13460,3969,4402,4753,5150,5658,6333,6364,6494,5948,5792,5640,5868,6226,-8.4,-2.6,-2.6,4,6.1,22
Billings,MT,13740,4607,4696,5165,5710,6306,6776,7753,7331,6852,7164,7721,7780,8329,-6.5,4.5,7.8,0.8,7.1,12
Binghamton,NY,13780,6617,6658,6766,7007,7316,7584,8081,8591,8474,8536,8535,8456,8486,-1.4,0.7,0,-0.9,0.4,265
Birmingham-Hoover,AL,13820,41073,42996,43997,47430,50230,51936,53805,54984,51279,52058,53866,56354,55913,-6.7,1.5,3.5,4.6,-0.8,325
Bismarck,ND,13900,3142,3294,3617,3878,4130,4330,4488,4782,4867,5067,5260,5802,6205,1.8,4.1,3.8,10.3,6.9,14
Blacksburg-Christiansburg-Radford,VA,13980,4226,4217,4446,4633,5009,5255,5545,5558,5292,5381,5543,5854,5837,-4.8,1.7,3,5.6,-0.3,312
Bloomington,IL,14060,7199,7360,7770,8352,8356,9158,9304,9254,9505,9727,9720,10145,10551,2.7,2.3,-0.1,4.4,4,54
Bloomington,IN,14020,3984,4022,4259,4529,4819,5177,5442,5936,6053,6102,6009,6086,6058,2,0.8,-1.5,1.3,-0.5,315
Bloomsburg-Berwick,PA,14100,2285,2473,2456,2620,2658,2826,3019,3236,3196,3342,3401,3462,3586,-1.3,4.6,1.8,1.8,3.6,67
Boise City,ID,14260,18044,18696,19520,20785,22476,24389,25702,26086,24773,25332,25345,25660,26869,-5,2.3,0.1,1.2,4.7,34
Boston-Cambridge-Newton,MA-NH,14460,244361,247404,256416,270331,282843,295692,313163,321975,315377,328307,335814,344090,349652,-2,4.1,2.3,2.5,1.6,178
Boulder,CO,14500,15812,14383,14650,15360,16120,16723,17834,18618,17964,18563,18997,19677,20311,-3.5,3.3,2.3,3.6,3.2,83
Bowling Green,KY,14540,3517,3681,3915,4204,4591,4946,5075,5372,4946,5230,5240,5320,5489,-7.9,5.7,0.2,1.5,3.2,89
Bremerton-Silverdale,WA,14740,6301,7000,7363,7614,8043,8628,8809,9122,8967,8981,8969,8891,8825,-1.7,0.2,-0.1,-0.9,-0.7,324
Bridgeport-Stamford-Norwalk,CT,14860,64566,65263,67278,73045,77061,81706,86159,86059,80535,83417,85535,87148,87791,-6.4,3.6,2.5,1.9,0.7,236
Brownsville-Harlingen,TX,15180,5200,5459,5714,5964,6273,6731,7123,7611,7590,7780,7768,7966,8015,-0.3,2.5,-0.2,2.6,0.6,250
Brunswick,GA,15260,2430,2535,2735,2937,3079,3310,3355,3481,3400,3250,3207,3235,3195,-2.3,-4.4,-1.3,0.9,-1.2,345
Buffalo-Cheektowaga-Niagara Falls,NY,15380,35564,37641,38865,40714,41729,43357,43951,46073,46539,47124,47722,48076,48257,1,1.3,1.3,0.7,0.4,263
Burlington,NC,15500,3755,3924,3810,4021,4187,4460,4467,4598,4286,4414,4476,4571,4874,-6.8,3,1.4,2.1,6.6,16
Burlington-South Burlington,VT,15540,7903,8181,8726,9216,9557,9931,10039,10542,10470,11133,11496,11765,12018,-0.7,6.3,3.3,2.3,2.2,145
California-Lexington Park,MD,30500,3084,3374,3715,3943,4091,4423,4653,4846,5063,5353,5559,5534,5421,4.5,5.7,3.9,-0.5,-2,360
Canton-Massillon,OH,15940,11441,11702,11936,12414,13038,13058,13142,13651,12736,13128,13637,14111,14641,-6.7,3.1,3.9,3.5,3.8,64
Cape Coral-Fort Myers,FL,15980,14544,15439,16344,18307,21000,22458,22571,21549,19748,19427,19083,19507,20162,-8.4,-1.6,-1.8,2.2,3.4,76
Cape Girardeau,MO-IL,16020,2511,2605,2719,2808,2959,3143,3322,3455,3530,3477,3421,3469,3482,2.2,-1.5,-1.6,1.4,0.4,266
Carbondale-Marion,IL,16060,2790,2951,3084,3256,3470,3704,3778,4037,4137,4225,4195,4299,4290,2.5,2.1,-0.7,2.5,-0.2,306
Carson City,NV,16180,2127,2213,2399,2617,2820,2954,3078,3011,2774,2823,2745,2667,2673,-7.9,1.8,-2.8,-2.8,0.2,274
Casper,WY,16220,2935,3081,3463,4121,5304,6283,6472,6887,5778,5748,6071,6070,6501,-16.1,-0.5,5.6,0,7.1,11
Cedar Rapids,IA,16300,9797,9664,10569,11359,12221,12107,13484,13348,15339,15833,15971,16187,16381,14.9,3.2,0.9,1.4,1.2,206
Chambersburg-Waynesboro,PA,16540,2764,2842,3082,3433,3713,3963,4213,4387,4140,4171,4175,4193,4287,-5.6,0.8,0.1,0.4,2.3,140
Champaign-Urbana,IL,16580,6418,6767,7027,7341,7562,8061,8373,9107,9232,9359,9155,9253,9402,1.4,1.4,-2.2,1.1,1.6,181
Charleston,WV,16620,9251,9476,9577,10028,10717,11467,11991,12964,12787,12978,13356,12863,13107,-1.4,1.5,2.9,-3.7,1.9,163
Charleston-North Charleston,SC,16700,17503,18643,19967,21331,23260,24710,26604,28028,27641,28137,29577,30215,30667,-1.4,1.8,5.1,2.2,1.5,186
Charlotte-Concord-Gastonia,NC-SC,16740,78268,85896,89280,95915,105977,113257,115051,118539,112306,115229,120092,125714,130318,-5.3,2.6,4.2,4.7,3.7,66
Charlottesville,VA,16820,6135,6493,6899,7556,8204,8704,9045,9578,9577,9932,10284,10615,10540,0,3.7,3.5,3.2,-0.7,323
Chattanooga,TN-GA,16860,16369,16941,17370,18235,19148,20414,21231,21660,20265,20653,20746,21126,20945,-6.4,1.9,0.5,1.8,-0.9,333
Cheyenne,WY,16940,2745,2913,3200,3458,3784,4282,4656,5003,4579,4672,4793,4826,4954,-8.5,2,2.6,0.7,2.7,108
Chicago-Naperville-Elgin,IL-IN-WI,16980,419099,426071,438678,461970,486022,514160,534809,537687,518897,527820,533329,543886,550793,-3.5,1.7,1,2,1.3,201
Chico,CA,17020,4344,4736,5005,5344,5708,5899,6148,6219,6131,6135,5995,6008,6247,-1.4,0.1,-2.3,0.2,4,55
Cincinnati,OH-KY-IN,17140,79973,82878,86065,89950,94980,97697,100929,104745,100626,103388,105251,108972,111279,-3.9,2.7,1.8,3.5,2.1,147
Clarksville,TN-KY,17300,5432,5717,6378,6808,7722,8282,8532,9145,9275,9608,10122,10173,9893,1.4,3.6,5.4,0.5,-2.7,370
Cleveland,TN,17420,2745,2871,2955,3102,3130,3211,3188,3412,3255,3269,3406,3641,3642,-4.6,0.5,4.2,6.9,0,292
Cleveland-Elyria,OH,17460,88068,91035,94704,99642,103357,106011,108007,111357,105035,108304,110772,113827,114448,-5.7,3.1,2.3,2.8,0.5,253
Coeur d'Alene,ID,17660,2607,2743,2999,3291,3686,4066,4380,4463,4253,4198,4180,4086,4223,-4.7,-1.3,-0.4,-2.3,3.4,75
College Station-Bryan,TX,17780,4301,4215,4621,4939,5327,5765,6083,6505,6982,7163,7151,7447,7672,7.3,2.6,-0.2,4.1,3,93
Colorado Springs,CO,17820,19050,19230,20383,21280,22931,23696,24606,24814,24865,25875,26301,26755,26710,0.2,4.1,1.6,1.7,-0.2,304
Columbia,MO,17860,4692,4598,5068,5379,5717,6065,6283,6516,6538,6740,6816,7012,7122,0.3,3.1,1.1,2.9,1.6,182
Columbia,SC,17900,22281,22947,24276,25901,27310,29296,30735,32261,31492,31410,32024,32541,33199,-2.4,-0.3,2,1.6,2,152
Columbus,GA-AL,17980,8528,8472,8926,9321,9911,10420,11042,11286,11605,11972,12112,12167,12108,2.8,3.2,1.2,0.5,-0.5,317
Columbus,IN,18020,3103,3042,3127,3418,3550,3856,4146,4588,3809,4377,4554,4999,4932,-17,14.9,4,9.8,-1.3,349
Columbus,OH,18140,74452,78138,80686,84380,88405,91303,93748,96097,92924,96021,98906,103742,107191,-3.3,3.3,3,4.9,3.3,79
Corpus Christi,TX,18580,11173,11429,12584,14246,14941,16371,18193,16801,17418,17792,17868,19219,20439,3.7,2.1,0.4,7.6,6.3,20
Corvallis,OR,18700,2731,3100,3450,4050,3975,4473,4595,4990,5166,5381,5244,5246,5231,3.5,4.1,-2.5,0,-0.3,311
Crestview-Fort Walton Beach-Destin,FL,18880,6815,8594,9269,10039,11702,12453,12571,11884,11454,10812,11132,11556,11462,-3.6,-5.6,3,3.8,-0.8,328
Cumberland,MD-WV,19060,1947,2044,2106,2164,2298,2419,2439,2598,2664,2760,2751,2738,2706,2.5,3.6,-0.3,-0.5,-1.2,342
Dallas-Fort Worth-Arlington,TX,19100,255913,266329,273951,294104,316261,342163,359489,366320,355667,368015,383369,405081,413627,-2.9,3.5,4.2,5.7,2.1,148
Dalton,GA,19140,4461,4627,4647,5318,5657,5761,5939,5714,5274,4888,4976,5098,5147,-7.7,-7.3,1.8,2.4,1,219
Danville,IL,19180,1954,1983,2142,2253,2284,2422,2387,2506,2453,2505,2495,2521,2495,-2.1,2.1,-0.4,1,-1,338
Daphne-Fairhope-Foley,AL,19300,3318,3522,3728,4176,4495,4875,5239,5629,5512,5557,5588,5678,5909,-2.1,0.8,0.6,1.6,4.1,51
Davenport-Moline-Rock Island,IA-IL,19340,12118,12746,13378,14572,15384,16022,16715,17485,16859,17493,17921,18023,18198,-3.6,3.8,2.4,0.6,1,216
Dayton,OH,19380,29678,30720,31421,32687,33840,35175,35196,35643,33234,33907,34852,35528,35216,-6.8,2,2.8,1.9,-0.9,335
Decatur,AL,19460,3641,3636,3908,4363,4437,4695,4882,5055,4866,4965,4824,5034,5063,-3.7,2,-2.8,4.3,0.6,252
Decatur,IL,19500,4327,4186,4418,4757,5021,5169,5454,5987,5600,5626,5714,5597,5511,-6.5,0.5,1.6,-2.1,-1.5,355
Deltona-Daytona Beach-Ormond Beach,FL,19660,10357,10722,11353,12183,13085,13909,14454,14095,13204,13181,12716,12989,13085,-6.3,-0.2,-3.5,2.1,0.7,235
Denver-Aurora-Lakewood,CO,19740,110759,114278,117737,123315,134503,140973,146792,151500,148993,151419,153886,159284,166150,-1.7,1.6,1.6,3.5,4.3,47
Des Moines-West Des Moines,IA,19780,24408,25668,28116,31412,34357,34631,38824,36342,35318,36185,36926,38778,39714,-2.8,2.5,2,5,2.4,128
Detroit-Warren-Dearborn,MI,19820,192580,197639,204062,205592,213014,210462,213454,209948,187124,198770,206167,210491,213258,-10.9,6.2,3.7,2.1,1.3,198
Dothan,AL,20020,3264,3554,3752,4053,4344,4503,4555,4552,4389,4505,4427,4505,4583,-3.6,2.7,-1.7,1.8,1.7,174
Dover,DE,20100,4134,4395,4605,5088,5297,5575,5835,5979,6343,6044,5833,5960,6033,6.1,-4.7,-3.5,2.2,1.2,203
Dubuque,IA,20220,2966,3171,3318,3700,3921,4078,4210,4310,4148,4429,4463,4678,4624,-3.8,6.8,0.8,4.8,-1.2,343
Duluth,MN-WI,20260,7340,7888,8212,8773,9139,9398,9644,10179,9525,10331,10858,10575,10928,-6.4,8.5,5.1,-2.6,3.3,77
Durham-Chapel Hill,NC,20500,22359,23909,25478,25953,27700,32956,35520,37897,38700,39914,38563,39395,39530,2.1,3.1,-3.4,2.2,0.3,268
East Stroudsburg,PA,20700,3576,3787,3857,4207,4580,4903,5266,5644,5520,5509,5191,5144,5035,-2.2,-0.2,-5.8,-0.9,-2.1,361
Eau Claire,WI,20740,4361,4674,4942,5255,5749,5960,6104,6205,6167,6406,6421,6603,6621,-0.6,3.9,0.2,2.8,0.3,271
El Centro,CA,20940,2990,3446,3535,3673,3917,4235,4458,4707,4788,4651,4802,4744,4835,1.7,-2.9,3.2,-1.2,1.9,161
Elizabethtown-Fort Knox,KY,21060,18483,19450,19882,20362,21245,23464,24572,4733,4686,5357,5600,5437,5458,-1,14.3,4.5,-2.9,0.4,261
Elkhart-Goshen,IN,21140,3332,3470,3755,4021,4181,4487,4471,10162,7842,10279,10364,11250,11610,-22.8,31.1,0.8,8.5,3.2,87
Elmira,NY,21300,7791,8450,9345,9892,10266,10567,10977,2982,2882,3060,3117,3083,2999,-3.4,6.2,1.9,-1.1,-2.7,368
El Paso,TX,21340,2256,2267,2324,2436,2621,2666,2747,24213,24156,24479,24589,25415,25543,-0.2,1.3,0.4,3.4,0.5,257
Erie,PA,21500,7780,7676,7857,8418,8894,9273,9642,10165,9515,9486,9828,9807,9825,-6.4,-0.3,3.6,-0.2,0.2,279
Eugene,OR,21660,8607,8924,9357,10253,10725,11402,12022,12680,11452,11556,11895,12106,12382,-9.7,0.9,2.9,1.8,2.3,137
Evansville,IN-KY,21780,11496,12165,12604,13151,13413,14047,14414,15396,15066,15493,15495,15319,15101,-2.1,2.8,0,-1.1,-1.4,353
Fairbanks,AK,21820,3331,3451,3770,4043,4354,4868,5172,5425,5082,5054,5195,5198,5027,-6.3,-0.6,2.8,0.1,-3.3,376
Fargo,ND-MN,22020,6805,7335,7768,8305,8689,9207,9662,10634,10589,11296,12192,12961,13376,-0.4,6.7,7.9,6.3,3.2,84
Farmington,NM,22140,3768,3632,4093,4640,5363,5887,6329,5875,6020,5378,5629,5608,5613,2.5,-10.7,4.7,-0.4,0.1,285
Fayetteville,NC,22180,9631,10183,10892,11490,12679,13414,14358,15643,16369,16681,16619,16497,16182,4.6,1.9,-0.4,-0.7,-1.9,358
Fayetteville-Springdale-Rogers,AR-MO,22220,11050,12040,13324,14954,16377,17445,17660,19206,18359,20129,21005,21398,22593,-4.4,9.6,4.4,1.9,5.6,26
Flagstaff,AZ,22380,3021,3219,3438,3650,3968,4426,4952,5090,4787,4828,4753,4828,4930,-5.9,0.8,-1.5,1.6,2.1,149
Flint,MI,22420,12339,12891,13280,13227,13122,13041,12698,12131,11080,11630,11808,11796,11952,-8.7,5,1.5,-0.1,1.3,197
Florence,SC,22500,5618,5758,6023,6189,6481,6861,7194,7340,7003,6896,6979,7141,7369,-4.6,-1.5,1.2,2.3,3.2,88
Florence-Muscle Shoals,AL,22520,2827,2881,3056,3313,3536,3753,3834,3899,3890,4014,4009,4096,4255,-0.2,3.2,-0.1,2.2,3.9,58
Fond du Lac,WI,22540,3028,3029,3180,3383,3516,3668,3784,3924,3613,3692,3796,3858,3951,-7.9,2.2,2.8,1.6,2.4,129
Fort Collins,CO,22660,8421,9080,9212,9564,10040,10461,10987,11381,11104,11544,11837,12200,12551,-2.4,4,2.5,3.1,2.9,101
Fort Smith,AR-OK,22900,6800,7061,7545,8041,8876,9623,9436,9753,9187,9593,9546,9605,9776,-5.8,4.4,-0.5,0.6,1.8,169
Fort Wayne,IN,23060,14456,14769,15166,15602,16259,17100,17650,17641,16653,17774,18040,18443,18571,-5.6,6.7,1.5,2.2,0.7,240
Fresno,CA,23420,20504,22482,24209,25888,27264,29096,30147,30757,30782,31000,31942,32074,33165,0.1,0.7,3,0.4,3.4,72
Gadsden,AL,23460,2003,2086,2165,2305,2408,2480,2501,2617,2546,2578,2638,2599,2518,-2.7,1.3,2.4,-1.5,-3.1,372
Gainesville,FL,23540,6674,6942,7281,8249,8705,9282,10037,10506,10288,10418,10276,10355,10431,-2.1,1.3,-1.4,0.8,0.7,237
Gainesville,GA,23580,5225,5211,5319,5567,6085,6224,6410,6701,6418,6540,6907,6840,7100,-4.2,1.9,5.6,-1,3.8,60
Gettysburg,PA,23900,1869,1953,2114,2207,2384,2574,2663,2738,2664,2585,2520,2570,2626,-2.7,-3,-2.5,2,2.2,143
Glens Falls,NY,24020,2837,2990,3143,3410,3602,3743,3803,4038,4037,4129,4138,4148,4018,0,2.3,0.2,0.3,-3.1,373
Goldsboro,NC,24140,2945,2981,3045,3290,3444,3691,3772,3874,3961,3957,3915,3940,3930,2.3,-0.1,-1.1,0.6,-0.3,309
Grand Forks,ND-MN,24220,2625,2751,3049,3099,3212,3501,3656,3945,3821,3924,3850,4214,4326,-3.1,2.7,-1.9,9.5,2.6,110
Grand Island,NE,24260,2121,2237,2411,2537,2745,2934,3114,3291,3347,3412,3546,3583,3707,1.7,1.9,3.9,1.1,3.4,69
Grand Junction,CO,24300,2976,3165,3296,3516,3870,4274,4815,5384,4937,4731,4805,4872,4830,-8.3,-4.2,1.6,1.4,-0.9,332
Grand Rapids-Wyoming,MI,24340,35141,36863,38062,39559,41211,42043,41713,41959,39226,40814,41971,43521,45221,-6.5,4,2.8,3.7,3.9,57
Grants Pass,OR,24420,1296,1375,1468,1612,1702,1828,1816,1843,1778,1743,1750,1782,1780,-3.5,-2,0.4,1.8,-0.1,296
Great Falls,MT,24500,2053,2102,2227,2384,2479,2689,2832,2942,2942,2979,2978,2982,2946,0,1.2,0,0.1,-1.2,344
Greeley,CO,24540,5221,5349,5458,5795,6260,6653,7172,7302,7197,7238,7388,7806,8592,-1.4,0.6,2.1,5.7,10.1,2
Green Bay,WI,24580,11622,11896,12495,13206,13675,14145,14578,14902,14691,15174,15443,15659,15991,-1.4,3.3,1.8,1.4,2.1,146
Greensboro-High Point,NC,24660,26701,27293,27917,28861,30483,32303,32972,34385,33116,33928,34414,34984,35530,-3.7,2.5,1.4,1.7,1.6,183
Greenville,NC,24780,4123,4292,4458,4524,4835,5200,5667,6057,6105,6163,6294,6693,6639,0.8,1,2.1,6.3,-0.8,327
Greenville-Anderson-Mauldin,SC,24860,24746,25068,26187,25656,27091,28136,29838,31461,29880,30837,32162,32377,32841,-5,3.2,4.3,0.7,1.4,189
Gulfport-Biloxi-Pascagoula,MS,25060,10535,10572,11660,11743,13246,13940,15106,15935,15293,15071,14189,14197,14768,-4,-1.5,-5.9,0.1,4,53
Hagerstown-Martinsburg,MD-WV,25180,5572,5815,6071,6462,6970,7453,7472,7702,7478,7567,7745,7858,7850,-2.9,1.2,2.4,1.5,-0.1,298
Hammond,LA,25220,1728,1831,1992,2241,2572,3282,3276,3385,3265,3537,3487,3296,3362,-3.5,8.4,-1.4,-5.5,2,155
Hanford-Corcoran,CA,25260,2743,2964,3431,3852,4013,4102,4748,4660,4276,4379,4581,4491,4662,-8.2,2.4,4.6,-2,3.8,62
Harrisburg-Carlisle,PA,25420,21880,22483,23390,24830,25849,27184,28355,29093,28841,28955,29199,29559,29957,-0.9,0.4,0.8,1.2,1.3,195
Harrisonburg,VA,25500,4789,4535,4687,4785,5070,5341,5640,5948,6262,6747,6654,6667,6664,5.3,7.8,-1.4,0.2,0,295
Hartford-West Hartford-East Hartford,CT,25540,59859,59140,61261,67439,71114,75816,82272,84612,83284,82480,79925,80397,81261,-1.6,-1,-3.1,0.6,1.1,213
Hattiesburg,MS,25620,3100,3284,3461,3701,3902,4323,4538,4783,4808,4863,4868,5058,5107,0.5,1.1,0.1,3.9,1,217
Hickory-Lenoir-Morganton,NC,25860,10455,10596,10394,10947,11234,11977,11588,11872,11262,11555,11536,11595,11689,-5.1,2.6,-0.2,0.5,0.8,231
Hilton Head Island-Bluffton-Beaufort,SC,25940,5410,5866,6254,6706,7197,7783,8237,7914,7491,7337,7144,7226,7264,-5.3,-2.1,-2.6,1.1,0.5,255
Hinesville,GA,25980,1704,1765,2002,2157,2413,2550,2726,3081,3141,3353,3479,3396,3254,2,6.7,3.8,-2.4,-4.2,378
Homosassa Springs,FL,26100,2090,2177,2375,2495,2815,3028,3134,3110,3185,3276,3159,3081,3065,2.4,2.8,-3.6,-2.5,-0.5,318
Hot Springs,AR,26300,1957,2011,2104,2261,2453,2585,2594,2759,2628,2776,2863,2936,2993,-4.8,5.6,3.1,2.6,2,157
Houma-Thibodaux,LA,26380,6262,5714,5996,6218,6914,8468,9393,9682,10565,10757,10496,11091,11840,9.1,1.8,-2.4,5.7,6.8,15
Houston-The Woodlands-Sugar Land,TX,26420,241587,239166,255599,286548,317240,353327,392601,372577,375438,379595,397638,433463,456177,0.8,1.1,4.8,9,5.2,29
Huntington-Ashland,WV-KY-OH,26580,8331,8683,9038,9653,10322,10970,11456,11971,12147,12116,11878,11750,12248,1.5,-0.3,-2,-1.1,4.2,48
Huntsville,AL,26620,12420,13642,15033,16322,17400,18349,18964,19945,20215,21147,21339,21509,21645,1.4,4.6,0.9,0.8,0.6,247
Idaho Falls,ID,26820,3078,3305,3468,3743,3967,4340,4670,4998,5033,5021,5060,4977,5057,0.7,-0.3,0.8,-1.6,1.6,179
Indianapolis-Carmel-Anderson,IN,26900,78606,80884,84537,90698,94511,99621,104147,111437,106790,110874,110623,113491,117312,-4.2,3.8,-0.2,2.6,3.4,74
Iowa City,IA,26980,5176,5201,5450,5850,6068,6476,6790,7154,7184,7384,7586,7797,7974,0.4,2.8,2.7,2.8,2.3,139
Ithaca,NY,27060,2873,3024,3267,3387,3508,3619,3753,4135,4163,4179,4148,4208,4211,0.7,0.4,-0.8,1.5,0.1,287
Jackson,MI,27100,4176,4320,4347,4560,4770,4829,4928,5024,4686,5020,5108,5125,5335,-6.7,7.1,1.8,0.3,4.1,50
Jackson,MS,27140,17173,18014,18974,20342,21108,22382,23692,24606,24168,24673,25270,26130,26225,-1.8,2.1,2.4,3.4,0.4,264
Jackson,TN,27180,3811,4028,4251,4423,4656,4799,4733,5092,4958,5019,5127,5299,5348,-2.6,1.2,2.2,3.4,0.9,226
Jacksonville,FL,27260,40586,42736,46361,49775,53876,58849,60625,59732,56393,56755,56281,57388,58229,-5.6,0.6,-0.8,2,1.5,188
Jacksonville,NC,27340,3751,3726,4082,4611,5062,5359,5986,6698,7374,7774,7683,7668,7477,10.1,5.4,-1.2,-0.2,-2.5,363
Janesville-Beloit,WI,27500,4255,4695,4881,4941,4918,5366,5332,5265,4789,4909,5033,5107,5413,-9,2.5,2.5,1.5,6,23
Jefferson City,MO,27620,4495,4456,4796,5155,5325,5532,5682,5962,5963,6170,6027,5953,6140,0,3.5,-2.3,-1.2,3.1,92
Johnson City,TN,27740,4063,4305,4605,4980,5201,5390,5457,5855,5823,5557,5703,5801,5678,-0.5,-4.6,2.6,1.7,-2.1,362
Johnstown,PA,27780,3250,3186,3321,3457,3663,3804,3980,4125,4080,4059,4079,4045,3965,-1.1,-0.5,0.5,-0.8,-2,359
Jonesboro,AR,27860,2899,2961,3230,3483,3694,3857,3826,4226,4147,4404,4363,4514,4543,-1.9,6.2,-1,3.5,0.6,246
Joplin,MO,27900,4287,4283,4625,4900,5104,5379,5519,5809,5771,6026,6011,6041,6054,-0.7,4.4,-0.2,0.5,0.2,276
Kahului-Wailuku-Lahaina,HI,27980,4514,4653,5055,5589,6139,6655,7004,7155,6744,6661,6853,7018,6976,-5.7,-1.2,2.9,2.4,-0.6,321
Kalamazoo-Portage,MI,28020,9912,10862,11355,11475,11449,11852,12362,12845,12487,12634,12717,12699,13005,-2.8,1.2,0.7,-0.1,2.4,126
Kankakee,IL,28100,2472,2601,2667,2820,2869,3032,3093,3193,3192,3188,3165,3285,3360,0,-0.1,-0.7,3.8,2.3,138
Kansas City,MO-KS,28140,79597,82298,84907,89272,93267,96813,101104,105827,103233,106566,106967,108800,110278,-2.5,3.2,0.4,1.7,1.4,193
Kennewick-Richland,WA,28420,6185,6744,7213,7528,7933,8105,8991,9558,10297,10914,10757,10170,10314,7.7,6,-1.4,-5.5,1.4,191
Killeen-Temple,TX,28660,8010,8455,9200,9824,11042,12351,13459,14704,15163,14936,14969,14896,14834,3.1,-1.5,0.2,-0.5,-0.4,314
Kingsport-Bristol-Bristol,TN-VA,28700,7820,7675,7808,8613,8602,9319,9527,10014,9694,10035,10393,10406,10279,-3.2,3.5,3.6,0.1,-1.2,346
Kingston,NY,28740,3523,3682,3924,4134,4345,4694,4801,4970,4937,5012,4884,4858,4888,-0.7,1.5,-2.5,-0.5,0.6,248
Knoxville,TN,28940,23121,24629,26171,28029,29325,30205,30710,32873,32049,32319,33535,34134,34346,-2.5,0.8,3.8,1.8,0.6,249
Kokomo,IN,29020,3617,3953,4443,4209,4051,4179,4478,3821,2573,3788,3930,4018,4149,-32.7,47.2,3.7,2.2,3.3,82
La Crosse-Onalaska,WI-MN,29100,4025,4259,4535,4686,4911,5087,5267,5711,5692,5831,5871,5952,6090,-0.3,2.4,0.7,1.4,2.3,135
Lafayette,LA,29140,14894,13941,14708,15571,17235,20490,22102,21999,23696,24401,25449,26665,25386,7.7,3,4.3,4.8,-4.8,379
Lafayette-West Lafayette,IN,29180,5878,6211,6447,6904,7253,7445,7831,8378,7741,8349,8530,8665,8547,-7.6,7.9,2.2,1.6,-1.4,351
Lake Charles,LA,29340,7012,7317,9373,11086,16345,15334,13451,12209,11422,12432,10999,11012,11884,-6.4,8.8,-11.5,0.1,7.9,8
Lake Havasu City-Kingman,AZ,29420,2415,2613,2862,3088,3473,3965,4121,3958,3578,3563,3552,3544,3520,-9.6,-0.4,-0.3,-0.2,-0.7,322
Lakeland-Winter Haven,FL,29460,11536,12243,12988,14221,15448,16689,17287,17924,17107,17114,16855,16895,17454,-4.6,0,-1.5,0.2,3.3,80
Lancaster,PA,29540,15521,15993,16535,17401,18306,18981,19434,20014,19565,20554,21027,21209,21587,-2.2,5.1,2.3,0.9,1.8,170
Lansing-East Lansing,MI,29620,15829,16764,17391,17426,18073,18661,19015,19023,17842,19133,18847,18727,19168,-6.2,7.2,-1.5,-0.6,2.4,130
Laredo,TX,29700,3857,4093,4389,4631,5134,5511,5719,6114,5770,5927,6239,6628,6847,-5.6,2.7,5.3,6.2,3.3,81
Las Cruces,NM,29740,3398,3785,4137,4553,4865,5079,5410,5745,5929,6043,5959,5859,5908,3.2,1.9,-1.4,-1.7,0.8,230
Las Vegas-Henderson-Paradise,NV,29820,56773,60455,64680,74388,84636,90969,95768,95557,86547,84682,83923,85278,87359,-9.4,-2.2,-0.9,1.6,2.4,123
Lawrence,KS,29940,2697,2798,2873,2971,3085,3168,3389,3578,3611,3533,3574,3605,3622,0.9,-2.1,1.1,0.9,0.4,259
Lawton,OK,30020,2788,2912,3177,3368,3484,3845,4062,4314,4482,4680,4621,4458,4534,3.9,4.4,-1.2,-3.5,1.7,175
Lebanon,PA,30140,2691,2751,2932,3134,3259,3430,3613,3884,3868,4036,4031,4069,4013,-0.4,4.3,-0.1,0.9,-1.4,350
Lewiston,ID-WA,30300,1476,1506,1592,1658,1725,1808,1890,1967,1918,1943,1901,1883,1913,-2.5,1.4,-2.2,-0.9,1.6,180
Lewiston-Auburn,ME,30340,2736,3017,3156,3334,3379,3553,3722,3859,3763,3740,3729,3778,3782,-2.5,-0.6,-0.3,1.3,0.1,284
Lexington-Fayette,KY,30460,17464,18640,19174,20029,20920,22109,22689,23585,22202,23644,23959,24266,24851,-5.9,6.5,1.3,1.3,2.4,127
Lima,OH,30620,3850,3915,4009,4220,4447,4568,4585,4324,4781,4769,4772,4790,5166,10.6,-0.2,0.1,0.4,7.9,9
Lincoln,NE,30700,10271,10630,11568,12065,12510,13207,13608,13916,13947,14373,14602,15089,15482,0.2,3.1,1.6,3.3,2.6,112
Little Rock-North Little Rock-Conway,AR,30780,22339,23494,24574,26396,29680,32004,35761,37007,37636,37618,38398,38354,38625,1.7,0,2.1,-0.1,0.7,239
Logan,UT-ID,30860,2035,2146,2431,2641,2748,2908,3168,3435,3420,3644,3856,3902,4090,-0.4,6.6,5.8,1.2,4.8,33
Longview,TX,30980,5461,5534,5952,6561,7388,8401,9074,9762,9308,9932,10448,11349,11340,-4.6,6.7,5.2,8.6,-0.1,297
Longview,WA,31020,2389,2352,2493,2586,2772,2954,3113,3199,3068,3136,3090,3200,3279,-4.1,2.2,-1.5,3.6,2.5,120
Los Angeles-Long Beach-Anaheim,CA,31100,545658,568879,599897,644679,682436,727543,759396,786211,748002,747663,752826,766654,775967,-4.9,0,0.7,1.8,1.2,204
Louisville/Jefferson County,KY-IN,31140,43985,45223,46430,49329,51658,54457,56362,58104,55187,57819,58886,60725,60649,-5,4.8,1.8,3.1,-0.1,300
Lubbock,TX,31180,6693,7128,7542,8088,8527,9029,9308,9789,9770,10152,9889,10459,10992,-0.2,3.9,-2.6,5.8,5.1,31
Lynchburg,VA,31340,6386,6306,6553,6912,7328,7806,7995,8422,8259,8540,8381,8347,8313,-1.9,3.4,-1.9,-0.4,-0.4,313
Macon,GA,31420,7182,7319,7275,7543,7681,7759,7658,8049,7786,7790,7858,7801,8002,-3.3,0.1,0.9,-0.7,2.6,113
Madera,CA,31460,2186,2442,2674,3175,3349,3498,3728,3674,3466,3695,3846,3972,4291,-5.7,6.6,4.1,3.3,8,7
Madison,WI,31540,24608,26103,27436,29599,31574,32945,34776,35649,35910,37254,38218,38891,40186,0.7,3.7,2.6,1.8,3.3,78
Manchester-Nashua,NH,31700,15524,16499,18009,18845,20062,20575,21146,21868,21522,21341,22317,22284,22456,-1.6,-0.8,4.6,-0.1,0.8,234
Manhattan,KS,31740,1818,1887,2032,2131,2231,2339,2559,2832,2771,2799,2867,2883,2840,-2.2,1,2.4,0.6,-1.5,354
Mankato-North Mankato,MN,31860,2686,2799,2967,3227,3441,3625,3671,3846,3645,3843,3985,4118,4151,-5.2,5.4,3.7,3.3,0.8,233
Mansfield,OH,31900,3607,3778,3887,4112,4179,4238,4076,4064,3488,3587,3657,3686,3695,-14.2,2.8,2,0.8,0.3,272
McAllen-Edinburg-Mission,TX,32580,8287,8737,9484,10332,11230,12240,12928,13748,13924,14401,14704,15324,15777,1.3,3.4,2.1,4.2,3,95
Medford,OR,32780,4771,4995,5323,5779,6100,6457,6544,6378,6092,5972,5903,6135,6368,-4.5,-2,-1.2,3.9,3.8,61
Memphis,TN-MS-AR,32820,49301,52133,53981,56791,59175,61706,63509,64390,61682,61731,61885,63160,63081,-4.2,0.1,0.2,2.1,-0.1,299
Merced,CA,32900,3935,4373,4920,5576,5650,5830,6571,6160,6034,6004,6046,6217,6498,-2,-0.5,0.7,2.8,4.5,42
Miami-Fort Lauderdale-West Palm Beach,FL,33100,185869,196135,205329,221256,244020,259833,268330,269478,247947,247743,249165,256900,263115,-8,-0.1,0.6,3.1,2.4,125
Michigan City-La Porte,IN,33140,2841,2884,2948,3165,3278,3359,3545,3607,3355,3507,3510,3489,3571,-7,4.5,0.1,-0.6,2.4,131
Midland,MI,33220,2916,3135,3081,3419,3204,3261,3460,3631,3574,3696,3723,3605,3604,-1.6,3.4,0.7,-3.2,0,294
Midland,TX,33260,5744,5114,5777,6557,8034,9357,11418,10693,13252,13194,15657,19013,20255,23.9,-0.4,18.7,21.4,6.5,18
Milwaukee-Waukesha-West Allis,WI,33340,65614,67177,69957,73381,77524,81662,83984,87675,85405,86813,88475,88572,89052,-2.6,1.6,1.9,0.1,0.5,254
Minneapolis-St. Paul-Bloomington,MN-WI,33460,148939,153960,162418,172403,182596,187099,193958,200417,192686,198548,205117,208340,213466,-3.9,3,3.3,1.6,2.5,121
Missoula,MT,33540,3108,3343,3525,3667,3905,4138,4274,4423,4416,4400,4378,4484,4323,-0.2,-0.4,-0.5,2.4,-3.6,377
Mobile,AL,33660,11002,11164,11735,12667,13651,14953,15621,16022,16321,16443,16519,16602,17085,1.9,0.7,0.5,0.5,2.9,98
Modesto,CA,33700,10933,11965,12859,13995,14811,15309,15508,15483,15374,15606,15711,15781,16284,-0.7,1.5,0.7,0.4,3.2,90
Monroe,LA,33740,4754,4808,4973,5312,5594,5977,6104,6146,6185,6391,6189,6329,6439,0.6,3.3,-3.2,2.3,1.7,172
Monroe,MI,33780,3440,3762,3989,4040,4047,4141,4075,4069,3684,3926,3957,4042,4264,-9.5,6.6,0.8,2.2,5.5,27
Montgomery,AL,33860,11188,11862,12499,13406,14152,14877,15053,15575,15109,15289,15398,15449,15489,-3,1.2,0.7,0.3,0.3,273
Morgantown,WV,34060,3213,3484,3699,3951,4282,4665,4855,5572,5953,6340,6171,6316,6589,6.8,6.5,-2.7,2.3,4.3,46
Morristown,TN,34100,2744,2759,2924,3116,3091,3183,3231,3329,3074,3309,3337,3457,3451,-7.7,7.6,0.8,3.6,-0.2,305
Mount Vernon-Anacortes,WA,34580,3291,3992,4042,3914,5663,4980,5160,4794,4928,4912,4123,4026,4453,2.8,-0.3,-16.1,-2.3,10.6,1
Muncie,IN,34620,3211,3232,3352,3295,3282,3388,3371,3469,3252,3324,3328,3453,3481,-6.2,2.2,0.1,3.7,0.8,232
Muskegon,MI,34740,4165,4201,4352,4537,4684,4808,4770,4665,4487,4704,4812,4887,5010,-3.8,4.8,2.3,1.5,2.5,117
Myrtle Beach-Conway-North Myrtle Beach,SC-NC,34820,9325,9809,10393,11052,12024,12716,13466,13863,13292,13446,13842,14005,14221,-4.1,1.2,2.9,1.2,1.5,185
Napa,CA,34900,5248,5637,5900,6216,6680,6952,7184,7588,7341,7034,7069,7217,7546,-3.3,-4.2,0.5,2.1,4.5,39
Naples-Immokalee-Marco Island,FL,34940,9932,10038,11053,12429,14195,14843,14902,13626,12078,12241,12256,12459,13326,-11.4,1.4,0.1,1.7,7,13
Nashville-Davidson--Murfreesboro--Franklin,TN,34980,58227,61028,64506,69172,72162,76622,78257,84241,81602,84572,88170,93360,95124,-3.1,3.6,4.3,5.9,1.9,164
New Bern,NC,35100,3124,3135,3345,3621,3891,4054,4281,4495,4661,4589,4484,4649,4639,3.7,-1.5,-2.3,3.7,-0.2,308
New Haven-Milford,CT,35300,30730,32531,33822,36939,38115,40134,41553,43202,40921,40899,40397,40830,41461,-5.3,-0.1,-1.2,1.1,1.5,184
New Orleans-Metairie,LA,35380,52386,52608,58597,64112,72910,71178,70931,67080,69445,73312,68940,69997,70665,3.5,5.6,-6,1.5,1,222
New York-Newark-Jersey City,NY-NJ-PA,35620,974156,996145,1020032,1080439,1155301,1220668,1278230,1296414,1291817,1322885,1336038,1364872,1377989,-0.4,2.4,1,2.2,1,220
Niles-Benton Harbor,MI,35660,4616,4830,4857,4970,5070,5401,5702,5826,5586,5932,5707,5574,5827,-4.1,6.2,-3.8,-2.3,4.5,40
North Port-Sarasota-Bradenton,FL,35840,17112,18344,19523,21525,24167,25737,26053,25113,23531,23157,23149,23321,24358,-6.3,-1.6,0,0.7,4.4,44
Norwich-New London,CT,35980,10207,11310,12297,13858,14670,16188,16794,17982,16115,15816,14725,14449,14409,-10.4,-1.9,-6.9,-1.9,-0.3,310
Ocala,FL,36100,4818,5053,5565,6185,6921,7723,7886,7756,6946,6882,6797,6803,6960,-10.5,-0.9,-1.2,0.1,2.3,134
Ocean City,NJ,36140,2924,3209,3509,3767,4048,3952,3990,4263,4268,4238,4295,4279,4307,0.1,-0.7,1.4,-0.4,0.7,243
Odessa,TX,36220,3111,3115,3274,3485,4062,4811,5772,5908,5521,5813,6902,8083,8494,-6.5,5.3,18.7,17.1,5.1,32
Ogden-Clearfield,UT,36260,12766,13623,14399,15569,16654,18567,19613,19217,19439,20214,20511,21315,22276,1.2,4,1.5,3.9,4.5,43
Oklahoma City,OK,36420,37653,38675,41748,45339,49445,54867,58083,58108,57578,57856,60281,62780,65246,-0.9,0.5,4.2,4.1,3.9,56
Olympia-Tumwater,WA,36500,6067,6315,6623,7016,7572,8175,8806,9284,9104,9050,8898,8900,9146,-1.9,-0.6,-1.7,0,2.8,105
Omaha-Council Bluffs,NE-IA,36540,32213,33996,36043,38432,40359,42990,44787,46638,46485,47326,48338,50211,51122,-0.3,1.8,2.1,3.9,1.8,167
Orlando-Kissimmee-Sanford,FL,36740,66978,71280,76547,83975,93749,100897,106012,105591,99901,100610,99751,102050,103992,-5.4,0.7,-0.9,2.3,1.9,162
Oshkosh-Neenah,WI,36780,6043,6605,6604,6930,7167,7437,7673,7933,7534,8271,8539,8650,8656,-5,9.8,3.2,1.3,0.1,291
Owensboro,KY,36980,3163,3369,3543,3631,3770,4178,4108,4310,4353,4472,4551,4619,4834,1,2.7,1.8,1.5,4.7,35
Oxnard-Thousand Oaks-Ventura,CA,37100,26048,26792,29582,32458,34669,36744,38625,36743,37157,38993,40501,41370,41737,1.1,4.9,3.9,2.1,0.9,227
Palm Bay-Melbourne-Titusville,FL,37340,12446,13211,14259,16122,17363,18082,18993,19085,18347,18333,17464,17373,17398,-3.9,-0.1,-4.7,-0.5,0.1,281
Panama City,FL,37460,4387,4722,5167,5622,6311,6714,6940,7136,6950,7054,6833,6774,6974,-2.6,1.5,-3.1,-0.9,3,96
Parkersburg-Vienna,WV,37620,2696,2679,2710,2839,2889,3129,3082,3288,3369,3218,3191,3247,3217,2.5,-4.5,-0.8,1.8,-0.9,336
Pensacola-Ferry Pass-Brent,FL,37860,10203,10405,11011,12168,12818,13870,14219,14145,13716,14008,14125,14193,14208,-3,2.1,0.8,0.5,0.1,283
Peoria,IL,37900,11680,11878,12532,13859,15109,16533,17462,18673,17707,17944,19778,20629,19220,-5.2,1.3,10.2,4.3,-6.8,381
Philadelphia-Camden-Wilmington,PA-NJ-DE-MD,37980,251372,260955,274688,289502,304050,319557,334334,349836,346536,350533,352976,356698,358091,-0.9,1.2,0.7,1.1,0.4,262
Phoenix-Mesa-Scottsdale,AZ,38060,129086,135359,144853,153751,170678,186728,196291,197379,179998,181660,188001,194731,197079,-8.8,0.9,3.5,3.6,1.2,205
Pine Bluff,AR,38220,2463,2501,2614,2800,2874,3041,3012,3161,3049,3125,3060,3107,3005,-3.6,2.5,-2.1,1.5,-3.3,375
Pittsburgh,PA,38300,88750,91045,94576,99066,102812,107430,111611,114589,110886,114802,117953,120719,122891,-3.2,3.5,2.7,2.3,1.8,168
Pittsfield,MA,38340,4387,4761,5013,5250,5412,5404,5239,5440,5397,5183,5402,5372,5319,-0.8,-4,4.2,-0.5,-1,337
Pocatello,ID,38540,1755,1787,1938,2115,2259,2321,2435,2561,2367,2371,2345,2292,2289,-7.6,0.2,-1.1,-2.3,-0.1,302
Portland-South Portland,ME,38860,6924,7498,8118,9469,10913,11773,12335,25560,25138,25673,25556,25726,25897,-1.7,2.1,-0.5,0.7,0.7,244
Portland-Vancouver-Hillsboro,OR-WA,38900,18600,19443,20602,22137,22777,23787,24414,129674,131066,140717,148139,155059,159266,1.1,7.4,5.3,4.7,2.7,106
Port St. Lucie,FL,38940,81172,82768,86400,97063,101014,113271,120298,11778,11066,11048,10923,10919,11046,-6,-0.2,-1.1,0,1.2,209
Prescott,AZ,39140,2892,3051,3327,3606,4178,4821,5101,5022,4546,4358,4274,4395,4490,-9.5,-4.1,-1.9,2.8,2.2,144
Providence-Warwick,RI-MA,39300,49920,52523,55714,59249,61292,64721,64789,66379,65377,66800,67134,68096,68975,-1.5,2.2,0.5,1.4,1.3,199
Provo-Orem,UT,39340,8683,9249,10036,10960,12050,13639,15371,15402,15057,15203,15681,16845,17918,-2.2,1,3.1,7.4,6.4,19
Pueblo,CO,39380,3225,3250,3322,3624,3536,3683,3902,4080,4124,4102,4199,4311,4328,1.1,-0.5,2.4,2.7,0.4,260
Punta Gorda,FL,39460,2515,2546,2752,3121,3433,3814,3675,3449,3148,3093,3078,3124,3250,-8.7,-1.8,-0.5,1.5,4.1,52
Racine,WI,39540,5839,5980,6169,6464,6466,6790,6824,6842,6553,7119,6979,7103,6988,-4.2,8.6,-2,1.8,-1.6,356
Raleigh,NC,39580,36507,37556,38915,41459,45579,49495,53944,56948,56230,58938,59036,60260,62758,-1.3,4.8,0.2,2.1,4.1,49
Rapid City,SD,39660,3455,4089,4126,4326,4494,4715,4985,5113,5119,5347,5517,5556,5610,0.1,4.4,3.2,0.7,1,215
Reading,PA,39740,11327,11724,12143,12677,13357,14709,14964,15021,14682,14799,14860,14986,15238,-2.3,0.8,0.4,0.8,1.7,176
Redding,CA,39820,3949,4461,4774,5045,5337,5491,5499,5330,4974,4963,5007,4963,4973,-6.7,-0.2,0.9,-0.9,0.2,278
Reno,NV,39900,14566,15284,16116,18072,19737,20766,22447,21758,19223,18978,18899,18816,19021,-11.7,-1.3,-0.4,-0.4,1.1,212
Richmond,VA,40060,46680,47027,47909,50672,54682,56462,58924,61611,60242,61692,61659,62571,64155,-2.2,2.4,-0.1,1.5,2.5,116
Riverside-San Bernardino-Ontario,CA,40140,79025,83669,90883,100209,110022,117393,118365,118661,110275,112505,114901,115500,118693,-7.1,2,2.1,0.5,2.8,104
Roanoke,VA,40220,9897,10084,10419,10974,11574,12232,12717,13328,12986,12842,12738,12840,13051,-2.6,-1.1,-0.8,0.8,1.6,177
Rochester,MN,40340,6731,7351,8115,8525,8613,8820,8957,9196,9076,9692,9458,9755,9974,-1.3,6.8,-2.4,3.1,2.2,141
Rochester,NY,40380,38095,39583,41050,42996,44669,46308,46015,47871,47828,48407,48023,48427,48966,-0.1,1.2,-0.8,0.8,1.1,211
Rockford,IL,40420,10302,10567,10795,11198,11710,12490,12882,12950,12056,12526,12945,12993,13103,-6.9,3.9,3.3,0.4,0.8,229
Rocky Mount,NC,40580,4695,4913,5083,5237,5420,5804,5779,6301,6422,6302,5936,6056,6068,1.9,-1.9,-5.8,2,0.2,277
Rome,GA,40660,2722,2780,2868,3105,3000,3095,3125,3315,3206,3218,3149,3159,3202,-3.3,0.4,-2.1,0.3,1.3,196
Sacramento--Roseville--Arden-Arcade,CA,40900,66851,72888,79950,85448,93048,97577,99136,99143,94714,94606,96294,98748,101402,-4.5,-0.1,1.8,2.5,2.7,107
Saginaw,MI,40980,6815,6887,7114,7085,7215,7345,7129,6805,6530,6932,7029,6973,7143,-4,6.2,1.4,-0.8,2.4,124
St. Cloud,MN,41060,8920,9495,10050,10672,11019,11885,12220,7545,7352,7512,7602,7745,7939,-2.6,2.2,1.2,1.9,2.5,119
St. George,UT,41100,13839,14783,15754,15942,17040,18075,17966,3831,3551,3462,3607,3737,3958,-7.3,-2.5,4.2,3.6,5.9,24
St. Joseph,MO-KS,41140,8858,9023,9810,10956,11999,12942,13915,4572,4667,4843,4788,4866,4866,2.1,3.8,-1.1,1.6,0,293
St. Louis,MO-IL,41180,42501,43734,44594,47776,52270,58559,64402,136285,132645,133568,134034,136439,136519,-2.7,0.7,0.3,1.8,0.1,290
Salem,OR,41420,2730,2791,2978,3165,3302,3400,3515,13066,12700,12281,11939,12113,12449,-2.8,-3.3,-2.8,1.5,2.8,103
Salinas,CA,41500,52886,54108,57567,61158,65571,71140,75481,17545,17770,17559,17299,17544,17886,1.3,-1.2,-1.5,1.4,2,158
Salisbury,MD-DE,41540,122018,131368,139787,150347,160401,167881,174602,13868,13341,13265,12789,12813,13071,-3.8,-0.6,-3.6,0.2,2,153
Salt Lake City,UT,41620,247334,248365,258103,271808,296263,314824,333580,63288,62167,63090,65019,68967,70719,-1.8,1.5,3.1,6.1,2.5,115
San Angelo,TX,41660,126703,118273,121718,128007,136787,146131,157098,3677,3615,3718,3900,4038,4176,-1.7,2.9,4.9,3.5,3.4,70
San Antonio-New Braunfels,TX,41700,7184,8131,8846,9620,10401,10756,10988,78269,76837,80101,83787,87024,89463,-1.8,4.2,4.6,3.9,2.8,102
San Diego-Carlsbad,CA,41740,9109,9095,9217,9404,9698,10050,10035,179721,173564,173575,178520,182949,186108,-3.4,0,2.8,2.5,1.7,173
San Francisco-Oakland-Hayward,CA,41860,4939,5708,5543,5730,6161,6671,6937,339613,327531,326333,328236,349088,356081,-3.6,-0.4,0.6,6.4,2,154
San Jose-Sunnyvale-Santa Clara,CA,41940,14402,15113,16100,17110,18682,19193,19677,159719,150478,165435,178316,184112,192184,-5.8,9.9,7.8,3.3,4.4,45
San Luis Obispo-Paso Robles-Arroyo Grande,CA,42020,16700,17485,17921,18561,19833,20298,20280,10980,10538,10889,10963,11063,11482,-4,3.3,0.7,0.9,3.8,63
Santa Cruz-Watsonville,CA,42100,9241,9453,9859,10717,11631,12710,13184,9766,9371,9282,9285,9517,9948,-4,-0.9,0,2.5,4.5,41
Santa Fe,NM,42140,15648,15722,16356,17392,18077,18791,19520,7152,6593,6437,6460,6415,6618,-7.8,-2.4,0.4,-0.7,3.2,91
Santa Maria-Santa Barbara,CA,42060,166438,170918,176405,183757,199989,214739,235403,19918,19792,19836,20651,21396,21812,-0.6,0.2,4.1,3.6,1.9,159
Santa Rosa,CA,42220,2754,2917,3286,3840,4133,4354,4647,20870,19545,20057,20758,20499,20621,-6.3,2.6,3.5,-1.3,0.6,251
Savannah,GA,42340,1274,1383,1504,1665,1762,1945,1962,13450,13148,13291,13312,13574,13769,-2.2,1.1,0.2,2,1.4,190
Scranton--Wilkes-Barre--Hazleton,PA,42540,4122,4302,4481,4801,4939,5160,5311,19820,19385,20000,20016,20029,20041,-2.2,3.2,0.1,0.1,0.1,289
Seattle-Tacoma-Bellevue,WA,42660,2491,2558,2676,2872,2992,3204,3234,247399,240074,246268,251355,263242,269679,-3,2.6,2.1,4.7,2.4,122
Sebastian-Vero Beach,FL,42680,13395,13469,15030,16748,18653,20415,20104,4554,4192,3979,3897,4010,3966,-7.9,-5.1,-2.1,2.9,-1.1,341
Sebring,FL,42700,2531,2593,2786,3006,3328,3538,3804,1829,1791,1795,1738,1749,1745,-2.1,0.2,-3.2,0.6,-0.2,307
Sheboygan,WI,43100,5535,5864,5853,6192,6283,6563,6902,5777,5505,5400,5401,5510,5698,-4.7,-1.9,0,2,3.4,71
Sherman-Denison,TX,43300,9091,10642,11256,11863,12657,13054,13734,3329,3270,3372,3450,3507,3670,-1.8,3.1,2.3,1.6,4.7,36
Shreveport-Bossier City,LA,43340,9288,9805,10466,11154,11306,11728,12114,19792,19845,21193,22010,22070,20887,0.3,6.8,3.9,0.3,-5.4,380
Sierra Vista-Douglas,AZ,43420,8781,9203,9548,9642,9996,10612,11029,3946,4060,4158,4127,3967,3916,2.9,2.4,-0.7,-3.9,-1.3,348
Sioux City,IA-NE-SD,43580,13669,13939,14585,15391,16637,17858,18910,7464,7492,7755,7585,7604,7950,0.4,3.5,-2.2,0.2,4.6,38
Sioux Falls,SD,43620,7550,7601,7590,7761,7946,8204,8466,14135,14426,14653,15288,15654,16046,2.1,1.6,4.3,2.4,2.5,118
South Bend-Mishawaka,IN-MI,43780,16944,17355,18092,18890,19643,20346,21140,12720,11807,12317,12596,12758,12407,-7.2,4.3,2.3,1.3,-2.7,369
Spartanburg,SC,43900,10844,10944,11841,12653,13601,14156,14554,11719,10645,11322,11955,12136,12193,-9.2,6.4,5.6,1.5,0.5,258
Spokane-Spokane Valley,WA,44060,3475,3409,3358,3520,3580,3740,3674,19710,19206,19243,19406,19688,20033,-2.6,0.2,0.8,1.5,1.7,171
Springfield,IL,44100,5576,5870,6181,6775,7022,7219,7279,8642,8824,8789,8801,8785,8714,2.1,-0.4,0.1,-0.2,-0.8,329
Springfield,MA,44140,1965,2122,2364,2644,3086,3596,3845,22388,21840,22065,22145,22749,22895,-2.4,1,0.4,2.7,0.6,245
Springfield,MO,44180,3151,3243,3368,3614,3688,4014,4321,15215,15109,15451,15452,15692,15702,-0.7,2.3,0,1.5,0.1,288
Springfield,OH,44220,103023,107108,111673,116462,121504,124636,128399,3771,3530,3550,3679,3763,3768,-6.4,0.6,3.6,2.3,0.1,282
State College,PA,44300,4237,4443,4615,4972,5343,5635,5957,6278,6351,6480,6629,6703,6880,1.2,2,2.3,1.1,2.6,111
Staunton-Waynesboro,VA,44420,3469,3387,3534,3744,4039,4094,4022,4322,4220,4415,4342,4376,4391,-2.4,4.6,-1.7,0.8,0.3,269
Stockton-Lodi,CA,44700,13962,15221,16535,17767,18835,19676,20496,20444,19997,19977,20176,20223,20603,-2.2,-0.1,1,0.2,1.9,165
Sumter,SC,44940,2326,2435,2554,2696,2825,2954,3024,3069,2976,2983,3101,3342,3257,-3,0.2,4,7.8,-2.5,364
Syracuse,NY,45060,21225,21932,22606,23869,24907,25850,26803,27858,27644,28426,28146,28505,28370,-0.8,2.8,-1,1.3,-0.5,316
Tallahassee,FL,45220,10025,10410,10851,11487,11976,12574,13487,13793,13293,13191,12860,12748,12893,-3.6,-0.8,-2.5,-0.9,1.1,210
Tampa-St. Petersburg-Clearwater,FL,45300,78835,84114,89663,96800,104651,111541,115243,114648,109837,108949,109171,112618,115263,-4.2,-0.8,0.2,3.2,2.3,132
Terre Haute,IN,45460,4292,4489,4841,5124,5166,5435,5889,6250,5822,6205,6096,6137,6025,-6.8,6.6,-1.8,0.7,-1.8,357
Texarkana,TX-AR,45500,3358,3505,3721,4031,4246,4511,4681,4913,4811,4901,4863,4896,4765,-2.1,1.9,-0.8,0.7,-2.7,367
The Villages,FL,45540,694,701,855,965,1202,1384,1523,1544,1602,1764,1840,1844,2006,3.8,10.1,4.3,0.2,8.8,5
Toledo,OH,45780,22220,22984,23721,24594,25471,26303,26472,26052,25821,26094,26995,27611,28252,-0.9,1.1,3.5,2.3,2.3,133
Topeka,KS,45820,7237,7358,7470,7738,7932,8088,8565,9147,9062,8962,9182,9143,9050,-0.9,-1.1,2.5,-0.4,-1,339
Trenton,NJ,45940,17331,18020,19796,20880,22179,23756,24306,25410,24802,25752,25792,26993,27558,-2.4,3.8,0.2,4.7,2.1,150
Tucson,AZ,46060,23084,23412,25320,26475,28970,31260,33708,34792,32401,32586,32419,33247,33355,-6.9,0.6,-0.5,2.6,0.3,270
Tulsa,OK,46140,31330,31688,32837,35325,39976,44075,46563,48103,46117,45404,47244,47940,49616,-4.1,-1.5,4.1,1.5,3.5,68
Tuscaloosa,AL,46220,5420,5677,6250,6912,7639,7942,8557,8713,8710,9062,9274,9404,9437,0,4,2.3,1.4,0.3,267
Tyler,TX,46340,5655,5715,6126,6788,7376,7855,8234,8168,8454,8666,9069,9635,9822,3.5,2.5,4.7,6.2,1.9,160
Urban Honolulu,HI,26180,32311,34121,36561,40181,43423,45804,48308,50728,49410,51307,52053,52974,54011,-2.6,3.8,1.5,1.8,2,156
Utica-Rome,NY,46540,7115,7358,7588,8093,8444,8776,9025,9306,9334,9570,9504,9454,9517,0.3,2.5,-0.7,-0.5,0.7,241
Valdosta,GA,46660,3115,3063,3294,3400,3597,3791,3953,4357,4413,4308,4247,4276,4316,1.3,-2.4,-1.4,0.7,1,221
Vallejo-Fairfield,CA,46700,9809,10251,11430,12255,13489,14081,14701,15361,15311,14656,14021,14077,14618,-0.3,-4.3,-4.3,0.4,3.8,59
Victoria,TX,47020,2402,2478,2669,2894,3199,3692,3786,4026,3724,3977,4122,4579,4843,-7.5,6.8,3.6,11.1,5.8,25
Vineland-Bridgeton,NJ,47220,3734,3830,4083,4384,4667,4865,4985,5388,5300,5240,5131,5166,5136,-1.6,-1.1,-2.1,0.7,-0.6,320
Virginia Beach-Norfolk-Newport News,VA-NC,47260,53354,56660,60947,65136,69876,74273,78235,80849,80961,81322,81693,83014,83162,0.1,0.4,0.5,1.6,0.2,280
Visalia-Porterville,CA,47300,7617,7785,8527,9828,10475,10831,11790,11555,11407,11430,11789,11507,12126,-1.3,0.2,3.1,-2.4,5.4,28
Waco,TX,47380,5653,5853,6339,6820,7244,7647,7924,8401,8432,8928,8771,9090,9257,0.4,5.9,-1.8,3.6,1.8,166
Walla Walla,WA,47460,1594,1604,1737,1775,1819,1976,2143,2336,2346,2370,2311,2269,2303,0.4,1,-2.5,-1.8,1.5,187
Warner Robins,GA,47580,4099,4422,4685,4899,5248,5514,5778,6013,6143,6324,6392,6333,6282,2.2,2.9,1.1,-0.9,-0.8,326
Washington-Arlington-Alexandria,DC-VA-MD-WV,47900,271767,287955,306298,333872,358925,376534,395800,417693,417664,430784,438054,440687,437085,0,3.1,1.7,0.6,-0.8,330
Waterloo-Cedar Falls,IA,47940,5227,5638,5729,6543,6891,7050,7474,7954,7714,7811,7587,7861,8093,-3,1.3,-2.9,3.6,2.9,97
Watertown-Fort Drum,NY,48060,3443,3483,3629,3934,4472,5026,5245,5619,5853,6172,6345,6237,6076,4.2,5.5,2.8,-1.7,-2.6,366
Wausau,WI,48140,4469,4486,4828,5106,5413,5584,5771,5899,5605,5711,5799,5864,6033,-5,1.9,1.5,1.1,2.9,100
Weirton-Steubenville,WV-OH,44600,2961,3139,3115,3257,3506,3435,3630,3764,3487,3362,3280,3470,3421,-7.4,-3.6,-2.4,5.8,-1.4,352
Wenatchee,WA,48300,2439,2648,2862,3053,3172,3374,3486,3658,3645,3498,3462,3578,3799,-0.4,-4,-1,3.3,6.2,21
Wheeling,WV-OH,48540,3586,3743,3941,4204,4511,4773,4941,5480,5587,5645,5634,5654,6161,1.9,1.1,-0.2,0.4,9,4
Wichita,KS,48620,4082,4231,4540,4763,5069,5506,5803,29090,26548,27399,28353,28967,29174,-8.7,3.2,3.5,2.2,0.7,238
Wichita Falls,TX,48660,21119,21198,21450,21835,23133,26364,28894,5978,5556,5484,5558,5956,6265,-7,-1.3,1.3,7.2,5.2,30
Williamsport,PA,48700,3087,3083,3145,3319,3440,3560,3621,3707,3650,3852,4200,4450,4617,-1.6,5.5,9,6,3.7,65
Wilmington,NC,48900,7133,7142,7409,7859,8704,9306,10049,10775,10763,10969,11230,11178,11501,-0.1,1.9,2.4,-0.5,2.9,99
Winchester,VA-WV,49020,3460,3529,3786,4043,4434,4689,4648,4775,4808,5119,5177,5227,5182,0.7,6.5,1.1,1,-0.9,334
Winston-Salem,NC,49180,21237,20960,22168,23191,24061,24930,24630,25629,24732,25604,25260,25151,25382,-3.5,3.5,-1.3,-0.4,0.9,224
Worcester,MA-CT,49340,26604,27058,28576,29381,30331,31640,32556,34098,32646,33749,33963,34148,35022,-4.3,3.4,0.6,0.5,2.6,114
Yakima,WA,49420,5074,5312,5671,6026,6373,6604,7051,7340,7296,7334,7212,7416,7760,-0.6,0.5,-1.7,2.8,4.6,37
York-Hanover,PA,49620,10904,11046,11889,12646,13875,14430,15025,16366,15735,16149,15926,15692,15827,-3.9,2.6,-1.4,-1.5,0.9,228
Youngstown-Warren-Boardman,OH-PA,49660,15241,15837,16152,17045,17833,18459,18441,17761,16158,16804,17931,18053,17590,-9,4,6.7,0.7,-2.6,365
Yuba City,CA,49700,3146,3453,3808,4071,4244,4503,4607,4726,4835,4659,4648,4727,4782,2.3,-3.6,-0.2,1.7,1.2,208
Yuma,AZ,49740,3108,3506,3679,4228,4489,4850,5315,5180,5271,5204,5093,5030,4976,1.7,-1.3,-2.1,-1.3,-1.1,340
